macAdress;timestamp;identificao-mainframe;uso_cpu_total_perc;uso_ram_total_perc;uso_disco_total_perc;disco_throughput_mbs;disco_iops_total;disco_read_count;disco_write_count;disco_latencia_ms;nome1;cpu_perc1;mem_perc1;nome2;cpu_perc2;mem_perc2;nome3;cpu_perc3;mem_perc3;nome4;cpu_perc4;mem_perc4;nome5;cpu_perc5;mem_perc5;nome6;cpu_perc6;mem_perc6;nome7;cpu_perc7;mem_perc7;nome8;cpu_perc8;mem_perc8;nome9;cpu_perc9;mem_perc9;nome10;cpu_perc10;mem_perc10
269058769682378;21/11/2025 12:05;Hideo;13,65;86,8;63,5;1,51;2;1;1;500,55;System;0;0,02;svchost.exe;0;4,34;Code.exe;0;21,33;chrome.exe;0;14,36;MsMpEng.exe;0;1,65;mysqld.exe;0;0,02;python.exe;6,83;1,88;Taskmgr.exe;6,83;0,55;explorer.exe;0;1,05;;;
269058769682378;21/11/2025 12:10;Hideo;89,86;75,6;63,6;101,01;5322;3154;2168;0,19;System;31,54;0,03;svchost.exe;12,86;6,96;Code.exe;0;13,4;chrome.exe;6,83;5,34;MsMpEng.exe;38,63;3,18;mysqld.exe;0;0,02;python.exe;0;1,33;Taskmgr.exe;0;0,57;explorer.exe;0;1,34;;;
269058769682378;21/11/2025 12:15;Hideo;60,46;79,4;63,7;90,65;2772;823;1949;0,36;System;6,43;0,04;svchost.exe;0;6,7;Code.exe;0;13,48;chrome.exe;0;6,08;MsMpEng.exe;54,03;2,78;mysqld.exe;0;0,02;python.exe;0;1,34;Taskmgr.exe;0;0,57;explorer.exe;0;1,35;;;
269058769682378;21/11/2025 12:20;Hideo;40,03;84,7;63,8;14,02;1442;24;1418;0,69;System;6,52;0,04;svchost.exe;0;7,41;Code.exe;20,43;14,56;chrome.exe;0;6,53;MsMpEng.exe;6,26;3,03;mysqld.exe;0;0,02;python.exe;0;1,35;Taskmgr.exe;6,83;0,65;explorer.exe;0;1,37;;;
269058769682378;21/11/2025 12:25;Hideo;26,91;84;63,8;11,56;1392;297;1095;0,72;System;0;0,04;svchost.exe;6,52;7,18;Code.exe;13,61;14,72;chrome.exe;0;6,49;MsMpEng.exe;0;2,7;mysqld.exe;0;0,02;python.exe;0;1,35;Taskmgr.exe;6,78;0,65;explorer.exe;0;1,35;;;
269058769682378;21/11/2025 12:30;Hideo;13,34;83,8;63,8;14,71;1562;16;1546;0,64;System;6,52;0,04;svchost.exe;0;7,25;Code.exe;0;14,79;chrome.exe;0;9;MsMpEng.exe;0;2,75;mysqld.exe;0;0,02;python.exe;0;1,35;Taskmgr.exe;6,83;0,64;explorer.exe;0;1,35;;;
269058769682378;21/11/2025 12:35;Hideo;6,83;85,2;63,8;12,43;1330;14;1316;0,75;System;0;0,04;svchost.exe;0;7,25;Code.exe;0;14,8;chrome.exe;0;10,91;MsMpEng.exe;0;2,75;mysqld.exe;0;0,02;python.exe;0;1,35;Taskmgr.exe;6,83;0,65;explorer.exe;0;1,35;;;
269058769682378;21/11/2025 12:40;Hideo;68,08;86,7;63,8;190,12;1772;947;825;0,56;System;0;0,04;svchost.exe;0;7,17;Code.exe;13,61;12,57;chrome.exe;6,83;7,38;MsMpEng.exe;0;3,04;mysqld.exe;0;0,02;python.exe;0;0,63;Taskmgr.exe;47,64;0,65;explorer.exe;0;1,14;;;
269058769682378;21/11/2025 12:45;Hideo;0;79,6;63,8;15,75;1137;4;1133;0,88;System;0;0,04;svchost.exe;0;7,26;Code.exe;0;11,43;chrome.exe;0;8,52;MsMpEng.exe;0;2,86;mysqld.exe;0;0,02;python.exe;0;0,62;Taskmgr.exe;0;0,65;explorer.exe;0;1,14;;;
269058769682378;21/11/2025 12:50;Hideo;47,69;80,2;63,8;12,84;1465;6;1459;0,68;System;0;0,04;svchost.exe;0;7,27;Code.exe;0;11,49;chrome.exe;0;8,5;MsMpEng.exe;0;2,82;mysqld.exe;0;0,02;python.exe;0;0,62;Taskmgr.exe;0;0,65;explorer.exe;0;1,2;;;
269058769682378;21/11/2025 12:55;Hideo;6,78;81;63,8;13,77;1423;7;1416;0,7;System;0;0,04;svchost.exe;0;7,01;Code.exe;0;11,56;chrome.exe;0;7,69;MsMpEng.exe;0;3;mysqld.exe;0;0,02;python.exe;0;0,63;Taskmgr.exe;6,78;0,65;explorer.exe;0;1,2;;;
269058769682378;21/11/2025 13:00;Hideo;6,78;81,8;63,8;12,52;1464;94;1370;0,68;System;0;0,04;svchost.exe;0;6,84;Code.exe;0;11,66;chrome.exe;0;8,47;MsMpEng.exe;0;2,83;mysqld.exe;0;0,02;python.exe;0;0,63;Taskmgr.exe;6,78;0,66;explorer.exe;0;1,21;;;
269058769682378;21/11/2025 13:05;Hideo;53,94;80,8;63,8;0,68;10;1;9;100,08;System;0;0,04;svchost.exe;0;6,92;Code.exe;6,74;11,73;chrome.exe;6,83;6,26;MsMpEng.exe;40,38;2,88;mysqld.exe;0;0,02;python.exe;0;0,63;Taskmgr.exe;0;0,67;explorer.exe;0;1,37;;;
269058769682378;21/11/2025 13:10;Hideo;19,43;84,9;63,8;1,14;27;27;0;37,06;System;0;0,04;svchost.exe;0;7,4;Code.exe;0;11,79;chrome.exe;0;8,29;MsMpEng.exe;19,43;2,85;mysqld.exe;0;0,02;python.exe;0;0,63;Taskmgr.exe;0;0,68;explorer.exe;0;1,37;;;
269058769682378;21/11/2025 13:15;Hideo;6,83;82,1;63,8;0,08;9;9;0;111,22;System;0;0,04;svchost.exe;0;6,75;Code.exe;0;9,87;chrome.exe;0;5,35;MsMpEng.exe;0;2,56;mysqld.exe;0;0,02;python.exe;0;0,56;Taskmgr.exe;6,83;0,67;explorer.exe;0;1,48;;;
269058769682378;21/11/2025 13:20;Hideo;0;82,3;63,8;0;8;6;2;125,05;System;0;0,04;svchost.exe;0;6,57;Code.exe;0;9,99;chrome.exe;0;6,02;MsMpEng.exe;0;2,57;mysqld.exe;0;0,02;python.exe;0;0,56;Taskmgr.exe;0;0,67;explorer.exe;0;1,48;;;
269058769682378;21/11/2025 13:25;Hideo;13,17;84,6;63,8;4,23;8;1;7;125,09;System;0;0,04;svchost.exe;0;6,63;Code.exe;0;10,18;chrome.exe;0;8,37;MsMpEng.exe;6,39;2,56;mysqld.exe;0;0,02;python.exe;0;0,56;Taskmgr.exe;6,78;0,67;explorer.exe;0;1,48;;;
269058769682378;21/11/2025 13:30;Hideo;6,78;85,1;63,8;0,13;9;2;7;111,22;System;0;0,04;svchost.exe;0;6,63;Code.exe;0;10,24;chrome.exe;0;7,56;MsMpEng.exe;0;2,57;mysqld.exe;0;0,02;python.exe;0;0,56;Taskmgr.exe;6,78;0,67;explorer.exe;0;1,48;;;
269058769682378;21/11/2025 13:35;Hideo;47,21;85;63,8;0,01;11;3;8;90,96;System;0;0,04;svchost.exe;6,39;6,64;Code.exe;0;10,14;chrome.exe;0;7,61;MsMpEng.exe;0;2,57;mysqld.exe;0;0,02;python.exe;0;0,56;Taskmgr.exe;40,82;0,67;explorer.exe;0;1,48;;;
269058769682378;21/11/2025 13:40;Hideo;19,73;81,1;63,8;0,58;5;3;2;200,13;System;0;0,04;svchost.exe;0;6,72;Code.exe;0;11,15;chrome.exe;0;9,74;MsMpEng.exe;12,95;2,69;mysqld.exe;0;0,02;python.exe;6,78;0,56;Taskmgr.exe;0;0,68;explorer.exe;0;1,45;;;
269058769682378;21/11/2025 13:45;Hideo;6,78;81,1;63,8;0,34;48;4;44;20,85;System;0;0,04;svchost.exe;0;6,71;Code.exe;0;11,25;chrome.exe;0;9,51;MsMpEng.exe;0;2,68;mysqld.exe;0;0,02;python.exe;0;0,56;Taskmgr.exe;6,78;0,68;explorer.exe;0;1,46;;;
269058769682378;21/11/2025 13:50;Hideo;6,78;79,5;63,8;0,75;0;0;0;0;System;0;0,04;svchost.exe;0;6,63;Code.exe;0;10,19;chrome.exe;0;7,49;MsMpEng.exe;0;2,57;mysqld.exe;0;0,02;python.exe;0;0,56;Taskmgr.exe;6,78;0,68;explorer.exe;0;1,51;;;
269058769682378;21/11/2025 13:55;Hideo;20,43;79,4;63,8;0;1;1;0;1001,06;System;0;0,04;svchost.exe;0;6,51;Code.exe;13,61;10,14;chrome.exe;0;7,48;MsMpEng.exe;0;2,58;mysqld.exe;0;0,02;python.exe;0;0,56;Taskmgr.exe;6,83;0,68;explorer.exe;0;1,51;;;
269058769682378;21/11/2025 14:00;Hideo;6,78;79,7;63,8;0,01;14;0;14;71,49;System;0;0,04;svchost.exe;0;6,51;Code.exe;0;10,18;chrome.exe;0;7,49;MsMpEng.exe;0;2,58;mysqld.exe;0;0,02;python.exe;0;0,56;Taskmgr.exe;6,78;0,68;explorer.exe;0;1,51;;;
269058769682378;21/11/2025 14:05;Hideo;13,26;81,1;63,8;0,02;53;1;52;18,87;System;6,43;0,04;svchost.exe;0;6,55;Code.exe;0;10,24;chrome.exe;0;6,31;MsMpEng.exe;0;2,58;mysqld.exe;0;0,02;python.exe;0;0,57;Taskmgr.exe;6,83;0,68;explorer.exe;0;1,52;;;
269058769682378;21/11/2025 14:10;Hideo;6,78;81,7;63,8;0,06;6;0;6;166,72;System;0;0,04;svchost.exe;0;6,56;Code.exe;0;10,19;chrome.exe;0;7,6;MsMpEng.exe;0;2,56;mysqld.exe;0;0,02;python.exe;0;0,57;Taskmgr.exe;6,78;0,68;explorer.exe;0;1,52;;;
269058769682378;21/11/2025 14:15;Hideo;0;81,8;63,8;0,04;35;0;35;28,59;System;0;0,04;svchost.exe;0;6,57;Code.exe;0;10,23;chrome.exe;0;8,91;MsMpEng.exe;0;2,58;mysqld.exe;0;0,02;python.exe;0;0,57;Taskmgr.exe;0;0,68;explorer.exe;0;1,52;;;
269058769682378;21/11/2025 14:20;Hideo;6,39;82,2;63,8;0,38;5;2;3;200,09;System;0;0,04;svchost.exe;0;6;Code.exe;0;9,74;chrome.exe;0;7,5;MsMpEng.exe;6,39;2,44;mysqld.exe;0;0,02;python.exe;0;0,44;Taskmgr.exe;0;0,64;explorer.exe;0;1,22;;;
269058769682378;21/11/2025 14:25;Hideo;47,47;83,2;63,7;0,11;0;0;0;0;System;0;0,03;svchost.exe;0;4,78;Code.exe;0;9,15;chrome.exe;0;9,39;MsMpEng.exe;0;2,29;mysqld.exe;0;0,02;python.exe;0;0,44;Taskmgr.exe;47,47;0,64;explorer.exe;0;1,23;;;
269058769682378;21/11/2025 14:30;Hideo;54,51;80,6;63,7;0,06;13;10;3;77;System;0;0,03;svchost.exe;0;4,73;chrome.exe;0;6,21;Code.exe;0;8,6;MsMpEng.exe;0;2;mysqld.exe;0;0,02;python.exe;0;0,43;Taskmgr.exe;54,51;0,64;explorer.exe;0;1,17;;;
269058769682378;21/11/2025 14:35;Hideo;33,95;80,8;63,7;0,05;37;1;36;27,05;System;0;0,03;svchost.exe;0;4,73;Code.exe;6,78;8,67;chrome.exe;6,83;7,65;MsMpEng.exe;0;2,02;mysqld.exe;0;0,02;python.exe;0;0,43;Taskmgr.exe;13,56;0,64;explorer.exe;6,78;1,18;;;
269058769682378;21/11/2025 14:40;Hideo;13,21;81;63,7;0,26;7;4;3;142,93;System;0;0,03;svchost.exe;6,43;4,88;Code.exe;0;8,64;chrome.exe;0;8,78;MsMpEng.exe;0;1,83;mysqld.exe;0;0,02;python.exe;0;0,43;Taskmgr.exe;6,78;0,64;explorer.exe;0;1,18;;;
269058769682378;21/11/2025 14:45;Hideo;13,61;85,7;63,7;0,4;17;2;15;58,86;System;0;0,02;svchost.exe;0;5,3;Code.exe;0;11,17;chrome.exe;0;4,86;MsMpEng.exe;0;1,77;mysqld.exe;0;0,02;python.exe;0;0,38;Taskmgr.exe;13,61;0,65;explorer.exe;0;1,3;;;
269058769682378;21/11/2025 14:50;Hideo;6,83;84,2;63,7;0,02;6;6;0;166,74;System;0;0,02;svchost.exe;0;5,3;Code.exe;0;11,2;chrome.exe;6,83;7,19;MsMpEng.exe;0;1,76;mysqld.exe;0;0,02;python.exe;0;0,38;Taskmgr.exe;0;0,65;explorer.exe;0;1,3;;;
269058769682378;21/11/2025 14:55;Hideo;20,08;84,9;63,7;0;0;0;0;0;System;6,43;0,02;svchost.exe;0;5,51;Code.exe;0;11,15;chrome.exe;6,83;7,07;MsMpEng.exe;0;1,77;mysqld.exe;0;0,02;python.exe;0;0,39;Taskmgr.exe;6,83;0,65;explorer.exe;0;1,3;;;
269058769682378;21/11/2025 15:00;Hideo;6,78;86,1;63,7;0,48;4;1;3;250,18;System;0;0,02;svchost.exe;0;5,42;Code.exe;6,78;11,22;chrome.exe;0;7,67;MsMpEng.exe;0;1,77;mysqld.exe;0;0,02;python.exe;0;0,39;Taskmgr.exe;0;0,65;explorer.exe;0;1,26;;;
269058769682378;21/11/2025 15:05;Hideo;68,21;86,2;63,7;0,02;1;1;0;1000,4;System;0;0,02;svchost.exe;0;5,42;Code.exe;0;11,25;chrome.exe;13,65;4,65;MsMpEng.exe;0;1,74;mysqld.exe;0;0,02;python.exe;0;0,39;Taskmgr.exe;54,56;0,65;explorer.exe;0;1,27;;;
269058769682378;21/11/2025 15:10;Hideo;32,73;87,3;63,7;0,21;17;2;15;58,84;System;0;0,02;svchost.exe;19,47;5,45;Code.exe;0;11,56;chrome.exe;0;8,8;MsMpEng.exe;6,48;1,92;mysqld.exe;0;0,02;python.exe;0;0,4;Taskmgr.exe;6,78;0,67;explorer.exe;0;1,31;;;
269058769682378;21/11/2025 15:15;Hideo;0;84,9;63,7;0,3;2;0;2;500,27;System;0;0,02;svchost.exe;0;4,85;Code.exe;0;9,44;chrome.exe;0;3,94;MsMpEng.exe;0;2,21;mysqld.exe;0;0,17;python.exe;0;0,36;Taskmgr.exe;0;0,63;explorer.exe;0;1,21;;;
269058769682378;21/11/2025 15:20;Hideo;40,38;80,2;63,7;0,34;2;0;2;500,14;System;0;0,02;svchost.exe;6,43;4,86;Code.exe;0;9,53;chrome.exe;0;5,39;MsMpEng.exe;0;2,15;mysqld.exe;0;0,17;python.exe;6,78;0,36;Taskmgr.exe;27,17;0,63;explorer.exe;0;1,25;;;
269058769682378;21/11/2025 15:25;Hideo;33,64;80,4;63,7;0,14;41;32;9;24,41;System;0;0,02;svchost.exe;0;4,88;Code.exe;6,83;9,65;chrome.exe;0;6,32;MsMpEng.exe;6,39;2,14;mysqld.exe;0;0,17;python.exe;0;0,36;Taskmgr.exe;20,43;0,63;explorer.exe;0;1,25;;;
269058769682378;21/11/2025 15:30;Hideo;13,61;81,1;63,7;2,41;9;4;5;111,18;System;0;0,02;svchost.exe;0;4,78;Code.exe;6,78;9,8;chrome.exe;0;5,5;MsMpEng.exe;0;2,15;mysqld.exe;0;0,17;python.exe;0;0,35;Taskmgr.exe;6,83;0,63;explorer.exe;0;1,25;;;
269058769682378;21/11/2025 15:35;Hideo;20,04;81,5;63,7;0,3;19;0;19;52,66;System;0;0,02;svchost.exe;6,43;4,97;Code.exe;0;10,01;chrome.exe;6,83;5,76;MsMpEng.exe;0;2,62;mysqld.exe;0;0,17;python.exe;0;0,36;Taskmgr.exe;6,78;0,64;explorer.exe;0;1,25;;;
269058769682378;21/11/2025 15:40;Hideo;67,46;84,5;63,7;0;2;2;0;500,52;System;0;0,02;svchost.exe;0;4,98;Code.exe;0;10,47;chrome.exe;54,47;8,56;MsMpEng.exe;12,99;2,41;mysqld.exe;0;0,17;python.exe;0;0,36;Taskmgr.exe;0;0,64;explorer.exe;0;1,22;;;
269058769682378;21/11/2025 15:45;Hideo;33,29;85,1;63,7;1,04;98;53;45;10,21;System;0;0,03;svchost.exe;0;5,32;Code.exe;13,65;10,16;chrome.exe;0;7,36;MsMpEng.exe;12,86;2,33;mysqld.exe;0;0,17;python.exe;0;0,36;Taskmgr.exe;6,78;0,63;explorer.exe;0;1,18;;;
269058769682378;21/11/2025 15:50;Hideo;6,43;84,5;63,7;0;2;2;0;500,16;System;0;0,03;svchost.exe;6,43;5,41;Code.exe;0;10,91;chrome.exe;0;7,4;MsMpEng.exe;0;2,33;mysqld.exe;0;0,17;python.exe;0;0,36;Taskmgr.exe;0;0,63;explorer.exe;0;1,18;;;
269058769682378;21/11/2025 15:55;Hideo;6,83;84,7;63,7;0,04;35;1;34;28,59;System;0;0,03;svchost.exe;0;5,43;Code.exe;0;10,89;chrome.exe;0;7,42;MsMpEng.exe;0;2,4;mysqld.exe;0;0,17;python.exe;0;0,36;Taskmgr.exe;6,83;0,63;explorer.exe;0;1,2;;;
269058769682378;21/11/2025 16:00;Hideo;39,73;85,2;63,7;0,3;6;0;6;166,8;System;19,34;0,03;svchost.exe;0;5,42;Code.exe;6,78;10,91;chrome.exe;0;7,43;MsMpEng.exe;0;2,41;mysqld.exe;0;0,17;python.exe;0;0,37;Taskmgr.exe;13,61;0,63;explorer.exe;0;1,2;;;
269058769682378;21/11/2025 16:05;Hideo;52,15;80,5;63,7;13,25;1170;57;1113;0,86;System;0;0,03;svchost.exe;31,68;5,96;Code.exe;0;8,34;chrome.exe;0;6,01;MsMpEng.exe;0;2,53;mysqld.exe;0;0,1;python.exe;0;0,36;Taskmgr.exe;13,65;0,65;explorer.exe;6,83;1,42;;;
269058769682378;21/11/2025 16:10;Hideo;19,91;84;63,7;14,46;1371;417;954;0,73;System;0;0,03;svchost.exe;6,3;5,25;Code.exe;0;7,11;chrome.exe;0;8,83;MsMpEng.exe;0;2,16;mysqld.exe;0;0,06;python.exe;0;0,36;Taskmgr.exe;6,78;0,65;explorer.exe;6,83;1,43;;;
269058769682378;21/11/2025 16:15;Hideo;26,47;83,5;63,7;14,05;1811;0;1811;0,55;System;0;0,03;svchost.exe;0;5,15;Code.exe;6,83;5,83;chrome.exe;0;6,67;MsMpEng.exe;12,82;1,89;mysqld.exe;0;0,06;python.exe;0;0,35;Taskmgr.exe;6,83;0,63;explorer.exe;0;1,36;;;
269058769682378;21/11/2025 16:20;Hideo;13,13;81,5;63,8;15,44;1390;0;1390;0,72;System;6,34;0,03;svchost.exe;0;5,07;Code.exe;0;5,87;chrome.exe;0;6,59;MsMpEng.exe;0;1,9;mysqld.exe;0;0,06;python.exe;0;0,34;Taskmgr.exe;6,78;0,63;explorer.exe;0;1,36;;;
269058769682378;21/11/2025 16:25;Hideo;6,83;80,2;63,8;16,02;1523;11;1512;0,66;System;0;0,03;svchost.exe;0;5,07;Code.exe;0;5,91;chrome.exe;0;6,33;MsMpEng.exe;0;1,9;mysqld.exe;0;0,06;python.exe;0;0,35;Taskmgr.exe;6,83;0,63;explorer.exe;0;1,36;;;
269058769682378;21/11/2025 16:30;Hideo;49,79;80,7;63,8;13,19;1706;0;1706;0,59;System;0;0,03;svchost.exe;5,64;5,57;Code.exe;0;6,33;chrome.exe;13,65;6,54;MsMpEng.exe;23,71;2,09;mysqld.exe;0;0,06;python.exe;0;0,37;Taskmgr.exe;6,78;0,66;explorer.exe;0;1,46;;;
269058769682378;21/11/2025 16:35;Hideo;6,83;84,8;63,8;13,39;1706;4;1702;0,59;System;0;0,03;svchost.exe;0;5,62;Code.exe;0;6,35;chrome.exe;0;7,21;MsMpEng.exe;0;2,04;mysqld.exe;0;0,09;python.exe;0;0,38;Taskmgr.exe;6,83;0,67;explorer.exe;0;1,46;;;
269058769682378;21/11/2025 16:40;Hideo;12,82;83,7;63,8;0;3;3;0;333,55;System;0;0,03;svchost.exe;6,43;5,63;Code.exe;0;6,4;chrome.exe;0;4,91;MsMpEng.exe;6,39;1,99;mysqld.exe;0;0,09;python.exe;0;0,39;Taskmgr.exe;0;0,67;explorer.exe;0;1,46;;;
269058769682378;21/11/2025 16:45;Hideo;6,78;85,9;63,8;5,81;14;1;13;71,45;System;0;0,03;svchost.exe;0;5,79;Code.exe;0;6,92;chrome.exe;0;8,95;MsMpEng.exe;0;2,07;mysqld.exe;0;0,09;python.exe;0;0,38;Taskmgr.exe;6,78;0,67;explorer.exe;0;1,47;;;
269058769682378;21/11/2025 16:50;Hideo;12,91;86,5;63,8;0;24;17;7;41,68;System;0;0,03;svchost.exe;0;5,72;Code.exe;0;7,05;chrome.exe;0;8,36;MsMpEng.exe;12,91;2;mysqld.exe;0;0,09;python.exe;0;0,38;Taskmgr.exe;0;0,68;explorer.exe;0;1,47;;;
269058769682378;21/11/2025 16:55;Hideo;98,7;85,7;63,8;11,8;0;0;0;0;System;44,27;0,03;svchost.exe;0;5,59;Code.exe;0;6,99;chrome.exe;0;7,34;MsMpEng.exe;0;2,08;mysqld.exe;0;0,09;python.exe;0;0,38;Taskmgr.exe;54,43;0,68;explorer.exe;0;1,47;;;
269058769682378;21/11/2025 17:00;Hideo;19,51;86,1;63,8;0;5;0;5;200,18;System;12,73;0,03;svchost.exe;0;5,77;Code.exe;0;8,15;chrome.exe;0;7,72;MsMpEng.exe;0;2,12;mysqld.exe;0;0,09;python.exe;0;0,39;Taskmgr.exe;6,78;0,68;explorer.exe;0;1,47;;;
269058769682378;21/11/2025 17:05;Hideo;54,08;83,9;63,8;0,12;8;0;8;125,08;System;6,39;0,03;svchost.exe;0;5,77;Code.exe;6,78;8,17;chrome.exe;0;5,31;MsMpEng.exe;0;2,08;mysqld.exe;0;0,09;python.exe;0;0,4;Taskmgr.exe;40,91;0,68;explorer.exe;0;1,47;;;
269058769682378;21/11/2025 17:10;Hideo;46,77;85,9;63,8;8,09;5;0;5;200,21;System;12,73;0,03;svchost.exe;0;5,69;Code.exe;6,78;8,17;chrome.exe;0;9,06;MsMpEng.exe;0;2,25;mysqld.exe;0;0,09;python.exe;0;0,39;Taskmgr.exe;27,26;0,68;explorer.exe;0;1,47;;;
269058769682378;21/11/2025 17:15;Hideo;20,48;84,9;63,8;0,17;6;5;1;166,79;System;0;0,03;svchost.exe;0;5,66;Code.exe;0;8,32;chrome.exe;6,83;9,24;MsMpEng.exe;0;2,13;mysqld.exe;0;0,09;python.exe;0;0,39;Taskmgr.exe;6,83;0,68;explorer.exe;6,83;1,26;;;
269058769682378;21/11/2025 17:20;Hideo;13,21;77,2;63,8;0;0;0;0;0;System;6,43;0,03;svchost.exe;0;5,64;Code.exe;0;8,19;chrome.exe;0;7,72;MsMpEng.exe;0;1,77;mysqld.exe;0;0,09;python.exe;0;0,4;Taskmgr.exe;6,78;0,67;explorer.exe;0;1,22;;;
269058769682378;21/11/2025 17:25;Hideo;40,73;80,7;63,8;0,23;2;2;0;500,44;System;0;0,03;svchost.exe;0;6,03;Code.exe;0;8,22;chrome.exe;0;7,05;MsMpEng.exe;0;1,88;mysqld.exe;0;0,09;python.exe;0;0,39;Taskmgr.exe;40,73;0,68;explorer.exe;0;1,27;;;
269058769682378;21/11/2025 17:30;Hideo;45,5;82,1;63,8;0,09;2;2;0;500,16;System;0;0,03;svchost.exe;38,68;6,33;Code.exe;0;8,3;chrome.exe;0;5,57;MsMpEng.exe;0;2,22;mysqld.exe;0;0,09;python.exe;0;0,39;Taskmgr.exe;6,83;0,68;explorer.exe;0;1,3;;;
269058769682378;21/11/2025 17:35;Hideo;12,69;81,8;63,8;0;5;0;5;200,05;System;6,39;0,03;svchost.exe;6,3;6,08;Code.exe;0;8,21;chrome.exe;0;7,63;MsMpEng.exe;0;2,14;mysqld.exe;0;0,09;python.exe;0;0,39;Taskmgr.exe;0;0,68;explorer.exe;0;1,3;;;
269058769682378;21/11/2025 17:40;Hideo;13,17;81,8;63,8;0;0;0;0;0;System;6,39;0,03;svchost.exe;0;6,08;Code.exe;0;8,25;chrome.exe;0;7,01;MsMpEng.exe;0;2,14;mysqld.exe;0;0,09;python.exe;0;0,39;Taskmgr.exe;6,78;0,68;explorer.exe;0;1,3;;;
269058769682378;21/11/2025 17:45;Hideo;0;81,9;63,8;0;13;3;10;76,99;System;0;0,03;svchost.exe;0;5,59;chrome.exe;0;5,2;Code.exe;0;7,89;MsMpEng.exe;0;2,12;mysqld.exe;0;0,06;python.exe;0;0,39;Taskmgr.exe;0;0,66;explorer.exe;0;1,2;;;
269058769682378;21/11/2025 17:50;Hideo;13,56;83,4;63,8;0,1;21;18;3;47,65;System;0;0,03;svchost.exe;0;5,48;Code.exe;0;8,22;chrome.exe;0;9,48;MsMpEng.exe;0;2,11;mysqld.exe;0;0,06;python.exe;0;0,39;Taskmgr.exe;13,56;0,66;explorer.exe;0;1,18;;;
269058769682378;21/11/2025 17:55;Hideo;47,64;78,5;63,8;0,02;0;0;0;0;System;0;0,03;svchost.exe;0;5,05;Code.exe;0;6,75;chrome.exe;20,43;9,79;MsMpEng.exe;0;1,91;mysqld.exe;0;0,05;python.exe;0;0,37;Taskmgr.exe;6,78;0,64;explorer.exe;20,43;2,03;;;
269058769682378;21/11/2025 18:00;Hideo;13,65;83,4;63,8;0,51;116;116;0;8,62;System;0;0,03;svchost.exe;0;5,05;Code.exe;13,65;7,4;chrome.exe;0;5,56;MsMpEng.exe;0;1,95;mysqld.exe;0;0,05;python.exe;0;0,38;Taskmgr.exe;0;0,64;explorer.exe;0;1,51;;;
269058769682378;21/11/2025 18:05;Hideo;12,69;84;63,8;0;140;3;137;7,15;System;5,86;0,03;svchost.exe;0;5,06;Code.exe;0;7,52;chrome.exe;6,83;7,82;MsMpEng.exe;0;2;mysqld.exe;0;0,05;python.exe;0;0,38;Taskmgr.exe;0;0,64;explorer.exe;0;1,51;;;
269058769682378;21/11/2025 18:10;Hideo;13,21;84,6;63,8;6,96;481;84;397;2,08;System;0;0,03;svchost.exe;6,43;5,06;Code.exe;0;7,56;chrome.exe;0;8,55;MsMpEng.exe;0;1,97;mysqld.exe;0;0,05;python.exe;0;0,38;Taskmgr.exe;6,78;0,64;explorer.exe;0;1,51;;;
269058769682378;21/11/2025 18:15;Hideo;6,83;84,6;63,8;0,02;28;5;23;35,75;System;0;0,03;svchost.exe;0;5,07;Code.exe;0;7,5;chrome.exe;0;6,46;MsMpEng.exe;0;2,05;mysqld.exe;0;0,05;python.exe;0;0,38;Taskmgr.exe;6,83;0,65;explorer.exe;0;1,51;;;
269058769682378;21/11/2025 18:20;Hideo;6,78;84,6;63,8;1,12;49;7;42;20,42;System;0;0,03;svchost.exe;0;5,11;Code.exe;0;7,54;chrome.exe;0;6,52;MsMpEng.exe;0;1,96;mysqld.exe;0;0,05;python.exe;0;0,38;Taskmgr.exe;6,78;0,65;explorer.exe;0;1,54;;;
269058769682378;21/11/2025 18:25;Hideo;19,91;84,8;63,8;0;3;0;3;333,46;System;0;0,03;svchost.exe;0;5,13;Code.exe;0;7,59;chrome.exe;0;9,16;MsMpEng.exe;6,3;2,05;mysqld.exe;0;0,05;python.exe;0;0,38;Taskmgr.exe;13,61;0,65;explorer.exe;0;1,54;;;
269058769682378;21/11/2025 18:30;Hideo;20,39;86;63,8;8,99;246;236;10;4,07;System;0;0,03;svchost.exe;0;5,14;Code.exe;6,78;8,55;chrome.exe;6,78;9,07;MsMpEng.exe;0;2,01;mysqld.exe;0;0,05;python.exe;0;0,38;Taskmgr.exe;6,83;0,65;explorer.exe;0;1,54;;;
269058769682378;21/11/2025 18:35;Hideo;12,82;86,4;63,8;0,1;1;1;0;1000,37;System;12,82;0,03;svchost.exe;0;5,32;Code.exe;0;8,55;chrome.exe;0;10,83;MsMpEng.exe;0;1,98;mysqld.exe;0;0,05;python.exe;0;0,38;Taskmgr.exe;0;0,65;explorer.exe;0;1,53;;;
269058769682378;21/11/2025 18:40;Hideo;0;87,5;63,8;0,73;6;3;3;166,83;System;0;0,03;svchost.exe;0;5,32;Code.exe;0;8,59;chrome.exe;0;10,77;MsMpEng.exe;0;1,98;mysqld.exe;0;0,05;python.exe;0;0,38;Taskmgr.exe;0;0,65;explorer.exe;0;1,53;;;
269058769682378;21/11/2025 18:45;Hideo;4,55;86,2;63,8;0,99;5;0;5;200,1;System;4,55;0,03;svchost.exe;0;5,17;Code.exe;0;8,01;chrome.exe;0;10;MsMpEng.exe;0;1,83;mysqld.exe;0;0,05;python.exe;0;0,37;Taskmgr.exe;0;0,64;explorer.exe;0;1,47;;;
269058769682378;21/11/2025 18:50;Hideo;0;81,8;63,8;7,89;307;294;13;3,39;System;0;0,03;svchost.exe;0;4,9;Code.exe;0;7,78;chrome.exe;0;6,43;MsMpEng.exe;0;1,54;mysqld.exe;0;0,05;python.exe;0;0,37;Taskmgr.exe;0;0,64;explorer.exe;0;1,49;;;
269058769682378;21/11/2025 18:55;Hideo;13,61;82,1;63,8;0,06;0;0;0;0;System;0;0,03;svchost.exe;0;4,91;Code.exe;6,83;7,83;chrome.exe;0;8,62;MsMpEng.exe;0;1,56;mysqld.exe;0;0,05;python.exe;0;0,38;Taskmgr.exe;6,78;0,64;explorer.exe;0;1,5;;;
269058769682378;21/11/2025 19:00;Hideo;0;82,2;63,8;0;0;0;0;0;System;0;0,03;svchost.exe;0;4,91;Code.exe;0;7,87;chrome.exe;0;8,65;MsMpEng.exe;0;1,62;mysqld.exe;0;0,05;python.exe;0;0,38;Taskmgr.exe;0;0,64;explorer.exe;0;1,5;;;
269058769682378;21/11/2025 19:05;Hideo;0;82,3;63,8;11,9;8;1;7;125,1;System;0;0,03;svchost.exe;0;4,92;Code.exe;0;7,89;chrome.exe;0;8,88;MsMpEng.exe;0;1,63;mysqld.exe;0;0,05;python.exe;0;0,38;Taskmgr.exe;0;0,64;explorer.exe;0;1,5;;;
269058769682378;21/11/2025 19:10;Hideo;6,78;82,3;63,8;0,12;0;0;0;0;System;0;0,03;svchost.exe;0;4,74;Code.exe;0;7,99;chrome.exe;0;6,33;MsMpEng.exe;0;1,65;mysqld.exe;0;0,05;python.exe;0;0,38;Taskmgr.exe;6,78;0,64;explorer.exe;0;1,51;;;
269058769682378;21/11/2025 19:15;Hideo;6,78;82,7;63,8;0,48;4;1;3;250,27;System;0;0,03;svchost.exe;0;4,75;Code.exe;0;7,93;chrome.exe;0;8,4;MsMpEng.exe;0;1,53;mysqld.exe;0;0,05;python.exe;0;0,38;Taskmgr.exe;6,78;0,64;explorer.exe;0;1,51;;;
269058769682378;21/11/2025 19:20;Hideo;20,08;83,6;63,9;1,86;93;48;45;10,76;System;6,43;0,04;svchost.exe;0;4,33;Code.exe;0;6,87;chrome.exe;6,83;21,31;MsMpEng.exe;0;1,44;mysqld.exe;0;0,04;python.exe;0;0,36;Taskmgr.exe;6,83;0,57;explorer.exe;0;1,25;;;
269058769682378;21/11/2025 19:25;Hideo;19,95;83,7;63,9;0,46;3;0;3;333,52;System;6,39;0,04;svchost.exe;0;4,4;Code.exe;0;7,01;chrome.exe;13,56;20,78;MsMpEng.exe;0;1,4;mysqld.exe;0;0,04;python.exe;0;0,36;Taskmgr.exe;0;0,57;explorer.exe;0;1,25;;;
269058769682378;21/11/2025 19:30;Hideo;13,65;87,1;63,9;0,1;30;1;29;33,34;System;0;0,04;svchost.exe;0;4,44;Code.exe;0;7;chrome.exe;6,83;23,92;MsMpEng.exe;0;1,48;mysqld.exe;0;0,04;python.exe;0;0,36;Taskmgr.exe;6,83;0,57;explorer.exe;0;1,25;;;
269058769682378;21/11/2025 19:35;Hideo;32,68;88,4;63,9;0,91;81;8;73;12,35;System;0;0,04;svchost.exe;0;4,79;Code.exe;0;7,03;chrome.exe;0;24,59;MsMpEng.exe;25,9;1,42;mysqld.exe;0;0,04;python.exe;0;0,36;Taskmgr.exe;6,78;0,57;explorer.exe;0;1,25;;;
269058769682378;21/11/2025 19:40;Hideo;0;88,1;63,9;0,17;5;5;0;200,11;System;0;0,04;svchost.exe;0;4,93;Code.exe;0;7,09;chrome.exe;0;22,84;MsMpEng.exe;0;1,6;mysqld.exe;0;0,04;python.exe;0;0,37;Taskmgr.exe;0;0,58;explorer.exe;0;1,31;;;
269058769682378;21/11/2025 19:45;Hideo;6,78;90,2;63,9;0,12;19;11;8;52,67;System;0;0,04;svchost.exe;0;5,39;Code.exe;6,78;7,06;chrome.exe;0;24,1;MsMpEng.exe;0;1,56;mysqld.exe;0;0,04;python.exe;0;0,37;Taskmgr.exe;0;0,58;explorer.exe;0;1,3;;;
269058769682378;21/11/2025 19:50;Hideo;6,78;90,6;63,9;4,03;13;7;6;76,97;System;0;0,04;svchost.exe;0;5,41;Code.exe;6,78;7,1;chrome.exe;0;24,06;MsMpEng.exe;0;1,55;mysqld.exe;0;0,04;python.exe;0;0,37;Taskmgr.exe;0;0,58;explorer.exe;0;1,3;;;
269058769682378;21/11/2025 19:55;Hideo;20,43;90,4;63,9;0,06;8;3;5;125,1;System;0;0,04;svchost.exe;0;5,45;Code.exe;13,61;7,91;chrome.exe;0;21,83;MsMpEng.exe;0;1,59;mysqld.exe;0;0,04;python.exe;0;0,37;Taskmgr.exe;6,83;0,58;explorer.exe;0;1,32;;;
269058769682378;21/11/2025 20:00;Hideo;45,72;86,5;63,9;0,25;144;138;6;6,95;System;25,55;0,04;svchost.exe;0;5,25;Code.exe;0;7,45;chrome.exe;6,83;17,55;MsMpEng.exe;6,52;1,48;mysqld.exe;0;0,04;python.exe;0;0,37;Taskmgr.exe;6,83;0,57;explorer.exe;0;1,33;;;
269058769682378;21/11/2025 20:05;Hideo;0;85;63,9;0,04;120;11;109;8,34;System;0;0,04;svchost.exe;0;5,29;Code.exe;0;7,5;chrome.exe;0;19,68;MsMpEng.exe;0;1,44;mysqld.exe;0;0,04;python.exe;0;0,37;Taskmgr.exe;0;0,57;explorer.exe;0;1,32;;;
269058769682378;21/11/2025 20:10;Hideo;0;84,6;63,9;1,54;44;15;29;22,74;System;0;0,04;svchost.exe;0;5,28;Code.exe;0;7,5;chrome.exe;0;17,35;MsMpEng.exe;0;1,48;mysqld.exe;0;0,04;python.exe;0;0,37;Taskmgr.exe;0;0,57;explorer.exe;0;1,32;;;
269058769682378;21/11/2025 20:15;Hideo;13,61;85,3;63,9;0,02;8;3;5;125,14;System;0;0,04;svchost.exe;0;5,3;Code.exe;0;7,47;chrome.exe;0;19,47;MsMpEng.exe;0;1,49;mysqld.exe;0;0,04;python.exe;0;0,37;Taskmgr.exe;6,78;0,57;explorer.exe;6,83;1,34;;;
269058769682378;21/11/2025 20:20;Hideo;26,91;88,7;63,9;22,32;13;3;10;76,98;System;6,43;0,04;svchost.exe;0;5,18;Code.exe;20,47;8,24;chrome.exe;0;20,72;MsMpEng.exe;0;1,55;mysqld.exe;0;0,04;python.exe;0;0,38;Taskmgr.exe;0;0,57;explorer.exe;0;1,32;;;
269058769682378;21/11/2025 20:25;Hideo;27,26;89,7;63,9;0,17;5;1;4;200,13;System;0;0,04;svchost.exe;0;5,06;Code.exe;20,43;8,24;chrome.exe;0;21,58;MsMpEng.exe;0;1,58;mysqld.exe;0;0,04;python.exe;0;0,38;Taskmgr.exe;6,83;0,58;explorer.exe;0;1,35;;;
269058769682378;21/11/2025 20:30;Hideo;19,47;84,9;63,9;0,35;34;21;13;29,43;System;0;0,04;svchost.exe;0;4,81;Code.exe;0;8,23;chrome.exe;0;18,26;MsMpEng.exe;12,64;1,49;mysqld.exe;0;0,04;python.exe;0;0,37;Taskmgr.exe;6,83;0,57;explorer.exe;0;1,36;;;
269058769682378;21/11/2025 20:35;Hideo;59,72;86,3;63,9;8,25;2;2;0;500,38;System;0;0,04;svchost.exe;5,77;4,82;Code.exe;0;8,17;chrome.exe;0;13,52;MsMpEng.exe;6,34;1,64;mysqld.exe;0;0,04;python.exe;0;0,37;Taskmgr.exe;47,6;0,57;explorer.exe;0;1,36;;;
269058769682378;21/11/2025 20:40;Hideo;27,21;88,3;63,9;7,9;10;1;9;100,04;System;0;0,04;svchost.exe;0;4,97;Code.exe;0;8,27;chrome.exe;0;16,1;MsMpEng.exe;0;1,53;mysqld.exe;0;0,04;python.exe;0;0,37;Taskmgr.exe;27,21;0,58;explorer.exe;0;1,36;;;
269058769682378;21/11/2025 20:45;Hideo;20,48;87,4;63,9;0,36;7;6;1;142,93;System;0;0,04;svchost.exe;0;4,99;Code.exe;13,65;8,24;chrome.exe;0;15,66;MsMpEng.exe;0;1,54;mysqld.exe;0;0,04;python.exe;0;0,37;Taskmgr.exe;6,83;0,58;explorer.exe;0;1,36;;;
269058769682378;21/11/2025 20:50;Hideo;13,13;88,4;63,9;0,07;4;0;4;250,1;System;6,34;0,04;svchost.exe;0;5;Code.exe;0;8,32;chrome.exe;0;16,08;MsMpEng.exe;0;1,55;mysqld.exe;0;0,04;python.exe;0;0,37;Taskmgr.exe;6,78;0,58;explorer.exe;0;1,36;;;
269058769682378;21/11/2025 20:55;Hideo;6,83;88,6;63,9;0,12;5;3;2;200,11;System;0;0,04;svchost.exe;0;4,93;Code.exe;0;8,34;chrome.exe;0;15,76;MsMpEng.exe;0;2,07;mysqld.exe;0;0,04;python.exe;0;0,37;Taskmgr.exe;6,83;0,58;explorer.exe;0;1,34;;;
269058769682378;21/11/2025 21:00;Hideo;6,78;88,6;63,9;0,19;7;0;7;142,91;System;0;0,04;svchost.exe;0;4,93;chrome.exe;0;16,08;Code.exe;0;8,24;MsMpEng.exe;0;1,64;mysqld.exe;0;0,04;python.exe;0;0,38;Taskmgr.exe;6,78;0,58;explorer.exe;0;1,34;;;
269058769682378;21/11/2025 21:05;Hideo;13,56;89,2;63,9;0,87;331;331;0;3,02;System;0;0,04;svchost.exe;0;5,01;chrome.exe;0;17,55;Code.exe;0;8,26;MsMpEng.exe;0;1,91;mysqld.exe;0;0,04;python.exe;0;0,38;Taskmgr.exe;13,56;0,58;explorer.exe;0;1,37;;;
269058769682378;21/11/2025 21:10;Hideo;19,03;85;63,9;2,48;12;4;8;83,38;System;6,26;0,04;svchost.exe;12,78;5,41;Code.exe;0;6,86;chrome.exe;0;15,08;MsMpEng.exe;0;1,88;mysqld.exe;0;0,04;python.exe;0;0,37;Taskmgr.exe;0;0,57;explorer.exe;0;1,36;;;
269058769682378;21/11/2025 21:15;Hideo;33,99;92,4;63,9;8,8;17;6;11;58,86;System;0;0,04;svchost.exe;0;4,76;Code.exe;33,99;11,67;chrome.exe;0;14,59;MsMpEng.exe;0;2,08;mysqld.exe;0;0,04;python.exe;0;0,36;Taskmgr.exe;0;0,53;explorer.exe;0;1,27;;;
269058769682378;21/11/2025 21:20;Hideo;54,03;92,6;63,9;0;3;1;2;333,67;System;6,34;0,02;svchost.exe;0;4,79;Code.exe;40,91;11,38;chrome.exe;0;16,24;MsMpEng.exe;0;1,91;mysqld.exe;0;0,17;python.exe;0;0,37;Taskmgr.exe;6,78;0,64;explorer.exe;0;1,27;;;
269058769682378;21/11/2025 21:25;Hideo;0;92,5;63,9;0,09;4;1;3;250,29;System;0;0,02;svchost.exe;0;4,54;Code.exe;0;9,53;chrome.exe;0;12,71;MsMpEng.exe;0;1,87;mysqld.exe;0;0,17;python.exe;0;0,36;Taskmgr.exe;0;0,63;explorer.exe;0;1,26;;;
269058769682378;21/11/2025 21:30;Hideo;54,16;88,8;63,9;0,24;0;0;0;0;System;0;0,02;svchost.exe;6,43;4,6;Code.exe;47,73;10,28;chrome.exe;0;15,77;MsMpEng.exe;0;1,65;mysqld.exe;0;0,18;python.exe;0;0,36;Taskmgr.exe;0;0,65;explorer.exe;0;1,28;;;
269058769682378;21/11/2025 21:35;Hideo;19,78;89,7;63,9;0;0;0;0;0;System;6,48;0,02;svchost.exe;0;4,75;Code.exe;0;10,47;chrome.exe;0;16,36;MsMpEng.exe;6,48;1,67;mysqld.exe;0;0,18;python.exe;0;0,36;Taskmgr.exe;6,83;0,65;explorer.exe;0;1,29;;;
269058769682378;21/11/2025 21:40;Hideo;68,03;91;63,9;12,84;61;61;0;16,41;System;0;0,02;svchost.exe;0;4,96;Code.exe;20,47;10,09;chrome.exe;0;16,54;MsMpEng.exe;0;1,81;mysqld.exe;0;0,18;python.exe;0;0,37;Taskmgr.exe;13,65;0,67;explorer.exe;33,91;1,31;;;
269058769682378;21/11/2025 21:45;Hideo;47,51;87,3;63,9;3,32;50;42;8;20,01;System;0;0,02;svchost.exe;0;4,56;Code.exe;47,51;9,5;chrome.exe;0;16,88;MsMpEng.exe;0;1,61;mysqld.exe;0;0,1;python.exe;0;0,36;Taskmgr.exe;0;0,66;explorer.exe;0;1,22;;;
269058769682378;21/11/2025 21:50;Hideo;61,29;87,5;63,9;0;0;0;0;0;System;0;0,02;svchost.exe;0;4,56;Code.exe;61,29;9,19;chrome.exe;0;13,34;MsMpEng.exe;0;1,65;mysqld.exe;0;0,1;python.exe;0;0,36;Taskmgr.exe;0;0,64;explorer.exe;0;1,18;;;
269058769682378;21/11/2025 21:55;Hideo;72,89;85,8;63,9;0,25;28;22;6;35,73;System;5,42;0,02;svchost.exe;0;4,29;Code.exe;47,69;8,63;chrome.exe;6,83;11,68;MsMpEng.exe;6,17;2,08;mysqld.exe;0;0,08;python.exe;0;0,36;Taskmgr.exe;0;0,65;explorer.exe;6,78;1,19;;;
269058769682378;21/11/2025 22:00;Hideo;61,38;84,6;63,9;0,09;7;3;4;142,94;System;0;0,02;svchost.exe;0;4,37;Code.exe;47,77;9;chrome.exe;13,61;14,74;MsMpEng.exe;0;1,93;mysqld.exe;0;0,08;python.exe;0;0,36;Taskmgr.exe;0;0,65;explorer.exe;0;1,23;;;
269058769682378;21/11/2025 22:05;Hideo;34,04;84,2;63,9;0;4;3;1;250,23;System;0;0,02;svchost.exe;0;4,4;Code.exe;0;9,82;chrome.exe;6,83;14,16;MsMpEng.exe;0;1,9;mysqld.exe;0;0,08;python.exe;0;0,36;Taskmgr.exe;27,21;0,65;explorer.exe;0;1,23;;;
269058769682378;21/11/2025 22:10;Hideo;46,42;85,4;63,9;0,13;10;4;6;100,03;System;5,56;0,02;svchost.exe;0;4,61;Code.exe;40,86;10,21;chrome.exe;0;14,25;MsMpEng.exe;0;1,93;mysqld.exe;0;0,08;python.exe;0;0,37;Taskmgr.exe;0;0,65;explorer.exe;0;1,24;;;
269058769682378;21/11/2025 22:15;Hideo;6,83;84,7;63,9;0,14;2;2;0;500,39;System;0;0,02;svchost.exe;0;4,62;Code.exe;0;10,36;chrome.exe;0;14,27;MsMpEng.exe;0;1,93;mysqld.exe;0;0,08;python.exe;0;0,37;Taskmgr.exe;6,83;0,65;explorer.exe;0;1,24;;;
269058769682378;21/11/2025 22:20;Hideo;46,64;86,4;63,9;11,52;2660;360;2300;0,38;System;12,64;0,02;svchost.exe;0;5,65;Code.exe;33,99;10,46;chrome.exe;0;15,73;MsMpEng.exe;0;1,89;mysqld.exe;0;0,08;python.exe;0;0,36;Taskmgr.exe;0;0,65;explorer.exe;0;1,22;;;
269058769682378;21/11/2025 22:25;Hideo;19,99;86,7;63,9;3,43;17;11;6;58,86;System;0;0,02;svchost.exe;0;5,81;Code.exe;6,83;11,79;chrome.exe;0;16,05;MsMpEng.exe;6,34;2,03;mysqld.exe;0;0,08;python.exe;0;0,37;Taskmgr.exe;6,83;0,66;explorer.exe;0;1,22;;;
269058769682378;21/11/2025 22:30;Hideo;34,04;87,2;63,9;0,01;11;2;9;90,97;System;0;0,02;svchost.exe;0;5,8;Code.exe;27,21;11,97;chrome.exe;0;15,75;MsMpEng.exe;0;2;mysqld.exe;0;0,08;python.exe;0;0,37;Taskmgr.exe;6,83;0,66;explorer.exe;0;1,22;;;
269058769682378;21/11/2025 22:35;Hideo;33,6;87,2;63,9;0,07;2;1;1;500,17;System;6,43;0,02;svchost.exe;0;6,01;Code.exe;27,17;12;chrome.exe;0;15,88;MsMpEng.exe;0;2,02;mysqld.exe;0;0,08;python.exe;0;0,37;Taskmgr.exe;0;0,66;explorer.exe;0;1,22;;;
269058769682378;21/11/2025 22:40;Hideo;67,16;89,6;63,9;2;0;0;0;0;System;12,69;0,03;svchost.exe;0;6,02;Code.exe;54,47;11,96;chrome.exe;0;18,39;MsMpEng.exe;0;2,01;mysqld.exe;0;0,08;python.exe;0;0,37;Taskmgr.exe;0;0,66;explorer.exe;0;1,23;;;
269058769682378;21/11/2025 22:45;Hideo;60,9;89;63,9;0,05;57;7;50;17,58;System;0;0,03;svchost.exe;0;6,27;Code.exe;47,29;12,19;chrome.exe;0;18,41;MsMpEng.exe;0;2,02;mysqld.exe;0;0,08;python.exe;0;0,37;Taskmgr.exe;13,61;0,66;explorer.exe;0;1,23;;;
269058769682378;21/11/2025 22:50;Hideo;74,46;82,9;63,9;3,05;4;4;0;250,2;System;0;0,02;svchost.exe;6,3;4,51;Code.exe;47,73;8,68;chrome.exe;13,65;12,31;MsMpEng.exe;0;1,77;mysqld.exe;0;0,04;python.exe;0;0,36;Taskmgr.exe;0;0,64;explorer.exe;6,78;1,03;;;
269058769682378;21/11/2025 22:55;Hideo;73,94;84,9;63,9;0,01;4;1;3;250,18;System;0;0,02;svchost.exe;0;4,54;Code.exe;6,83;8,79;chrome.exe;27,26;12,95;MsMpEng.exe;12,6;1,7;mysqld.exe;0;0,04;python.exe;0;0,36;Taskmgr.exe;27,26;0,64;explorer.exe;0;1,03;;;
269058769682378;21/11/2025 23:00;Hideo;54,21;85,2;63,9;0;4;0;4;250,18;System;6,43;0,02;svchost.exe;0;4,54;Code.exe;47,77;8,97;chrome.exe;0;12,55;MsMpEng.exe;0;1,74;mysqld.exe;0;0,04;python.exe;0;0,37;Taskmgr.exe;0;0,64;explorer.exe;0;1,05;;;
269058769682378;21/11/2025 23:05;Hideo;81,29;85,7;63,9;0,26;23;12;11;43,49;System;6,39;0,02;svchost.exe;0;4,85;Code.exe;40,95;8,92;chrome.exe;6,78;12,48;MsMpEng.exe;0;1,76;mysqld.exe;0;0,04;python.exe;0;0,37;Taskmgr.exe;27,17;0,64;explorer.exe;0;1,07;;;
269058769682378;21/11/2025 23:10;Hideo;13,3;86,4;63,9;0,03;23;4;19;43,5;System;6,48;0,02;svchost.exe;0;4,77;Code.exe;0;9,24;chrome.exe;6,83;13,3;MsMpEng.exe;0;1,66;mysqld.exe;0;0,04;python.exe;0;0,37;Taskmgr.exe;0;0,64;explorer.exe;0;1,07;;;
269058769682378;21/11/2025 23:15;Hideo;47,64;87,6;63,9;0,11;29;5;24;34,51;System;0;0,02;svchost.exe;0;4,67;Code.exe;47,64;10,98;chrome.exe;0;16;MsMpEng.exe;0;1,75;mysqld.exe;0;0,04;python.exe;0;0,37;Taskmgr.exe;0;0,64;explorer.exe;0;1,06;;;
269058769682378;21/11/2025 23:20;Hideo;25,94;87,8;63,9;3,27;30;15;15;33,35;System;0;0,02;svchost.exe;19,16;4,5;Code.exe;6,78;11,11;chrome.exe;0;15,98;MsMpEng.exe;0;1,81;mysqld.exe;0;0,04;python.exe;0;0,37;Taskmgr.exe;0;0,65;explorer.exe;0;1,07;;;
269058769682378;21/11/2025 23:25;Hideo;25,99;88,1;63,9;0,12;4;3;1;250,26;System;6,43;0,02;svchost.exe;0;4,44;Code.exe;0;10,77;chrome.exe;0;14,61;MsMpEng.exe;12,78;1,76;mysqld.exe;0;0,04;python.exe;0;0,37;Taskmgr.exe;6,78;0,65;explorer.exe;0;1,06;;;
269058769682378;21/11/2025 23:30;Hideo;20,04;85,2;63,9;0,06;64;1;63;15,63;System;6,43;0,02;svchost.exe;0;4,18;Code.exe;13,61;10,75;chrome.exe;0;13,45;MsMpEng.exe;0;1,71;mysqld.exe;0;0,04;python.exe;0;0,37;Taskmgr.exe;0;0,63;explorer.exe;0;1,06;;;
269058769682378;21/11/2025 23:35;Hideo;6,78;85,7;63,9;0;26;24;2;38,5;System;0;0,02;svchost.exe;0;4,22;Code.exe;0;10,6;chrome.exe;0;13,72;MsMpEng.exe;0;1,73;mysqld.exe;0;0,04;python.exe;0;0,37;Taskmgr.exe;6,78;0,64;explorer.exe;0;1,06;;;
269058769682378;21/11/2025 23:40;Hideo;67,46;85,6;63,9;0,86;105;99;6;9,53;System;0;0,02;svchost.exe;0;4,31;Code.exe;67,46;9,94;chrome.exe;0;15,98;MsMpEng.exe;0;1,73;mysqld.exe;0;0,04;python.exe;0;0,37;Taskmgr.exe;0;0,64;explorer.exe;0;1,07;;;
269058769682378;21/11/2025 23:45;Hideo;98,88;89,8;63,9;1,88;63;34;29;15,91;System;5,91;0,01;svchost.exe;3,32;5,66;Code.exe;40,86;7,36;chrome.exe;20,39;10,84;explorer.exe;0;3,86;MsMpEng.exe;28,39;2,85;mysqld.exe;0;0,02;python.exe;0;0,35;Taskmgr.exe;0;0,7;;;
269058769682378;21/11/2025 23:50;Hideo;13,56;85,6;63,9;1,09;30;10;20;33,36;System;0;0,02;svchost.exe;0;5,15;Code.exe;0;9,38;chrome.exe;13,56;12,3;explorer.exe;0;2,26;MsMpEng.exe;0;2,43;mysqld.exe;0;0,02;python.exe;0;0,35;Taskmgr.exe;0;0,67;;;
269058769682378;21/11/2025 23:55;Hideo;66,85;85,4;63,9;0,36;71;71;0;14,09;System;0;0,02;svchost.exe;0;4,98;Code.exe;60,07;10,08;chrome.exe;0;12,38;explorer.exe;0;2,87;MsMpEng.exe;0;2,47;mysqld.exe;0;0,02;python.exe;0;0,36;Taskmgr.exe;6,78;0,68;;;
269058769682378;22/11/2025 00:00;Hideo;59,72;88;63,9;15,06;19;7;12;52,67;System;6,08;0,02;svchost.exe;0;5,13;Code.exe;40,73;9,72;chrome.exe;0;11,11;explorer.exe;0;2,83;MsMpEng.exe;6,12;2,48;mysqld.exe;0;0,02;python.exe;0;0,36;Taskmgr.exe;6,78;0,69;;;
269058769682378;22/11/2025 00:05;Hideo;6,21;90,3;63,9;0,53;13;8;5;76,98;System;0;0,02;svchost.exe;6,21;5,5;Code.exe;0;11,37;chrome.exe;0;15,05;explorer.exe;0;2,92;MsMpEng.exe;0;2,55;mysqld.exe;0;0,02;python.exe;0;0,37;Taskmgr.exe;0;0,69;;;
269058769682378;22/11/2025 00:10;Hideo;40,03;90,2;63,9;0,06;8;1;7;125,1;System;0;0,02;svchost.exe;0;5,54;Code.exe;27,08;11,58;chrome.exe;0;14,7;explorer.exe;0;2,92;MsMpEng.exe;6,17;2,4;mysqld.exe;0;0,02;python.exe;0;0,37;Taskmgr.exe;6,78;0,69;;;
269058769682378;22/11/2025 00:15;Hideo;47,6;84,6;63,9;0,64;8;8;0;125,04;System;0;0,02;svchost.exe;0;4,77;Code.exe;40,82;10,15;chrome.exe;0;14,37;explorer.exe;0;1,49;MsMpEng.exe;0;1,8;mysqld.exe;0;0,02;python.exe;0;0,36;Taskmgr.exe;6,78;0,64;;;
269058769682378;22/11/2025 00:20;Hideo;60,59;85,1;63,9;2,03;12;7;5;83,49;System;6,21;0,02;svchost.exe;0;4,78;Code.exe;47,6;10,33;chrome.exe;0;14,41;explorer.exe;0;1,49;MsMpEng.exe;0;1,78;mysqld.exe;0;0,02;python.exe;0;0,36;Taskmgr.exe;6,78;0,64;;;
269058769682378;22/11/2025 00:25;Hideo;27,21;86,2;63,9;0;2;2;0;500,64;System;0;0,02;svchost.exe;0;4,91;Code.exe;27,21;10,46;chrome.exe;0;13,69;explorer.exe;0;1,49;MsMpEng.exe;0;1,82;mysqld.exe;0;0,02;python.exe;0;0,36;Taskmgr.exe;0;0,64;;;
269058769682378;22/11/2025 00:30;Hideo;67,99;86,7;63,9;0,58;27;8;19;37,07;System;0;0,02;svchost.exe;0;4,94;Code.exe;67,99;10,54;chrome.exe;0;12,23;explorer.exe;0;1,5;MsMpEng.exe;0;1,74;mysqld.exe;0;0,02;python.exe;0;0,36;Taskmgr.exe;0;0,64;;;
269058769682378;22/11/2025 00:35;Hideo;67,11;89,1;63,9;0,31;352;347;5;2,84;System;12,69;0,02;svchost.exe;0;4,95;Code.exe;47,64;11,04;chrome.exe;0;13,16;explorer.exe;0;1,51;MsMpEng.exe;0;1,84;mysqld.exe;0;0,02;python.exe;0;0,37;Taskmgr.exe;6,78;0,64;;;
269058769682378;22/11/2025 00:40;Hideo;40,21;89,3;63,9;0;26;0;26;38,5;System;6,3;0,02;svchost.exe;0;4,95;Code.exe;27,08;11,28;chrome.exe;0;13,1;explorer.exe;0;1,5;MsMpEng.exe;0;1,87;mysqld.exe;0;0,02;python.exe;0;0,37;Taskmgr.exe;6,83;0,64;;;
269058769682378;22/11/2025 00:45;Hideo;32,73;89,4;63,9;1,47;11;6;5;90,95;System;6,39;0,02;svchost.exe;0;4,98;Code.exe;19,78;11,38;chrome.exe;0;13,06;explorer.exe;6,56;1,5;MsMpEng.exe;0;1,9;mysqld.exe;0;0,02;python.exe;0;0,37;Taskmgr.exe;0;0,64;;;
269058769682378;22/11/2025 00:50;Hideo;80,19;86,2;63,9;23,81;12;4;8;83,38;System;12,21;0,02;svchost.exe;0;4,7;Code.exe;40,77;10,78;chrome.exe;6,78;14,17;explorer.exe;6,78;1,48;MsMpEng.exe;0;1,48;mysqld.exe;0;0,02;python.exe;0;0,37;Taskmgr.exe;13,65;0,63;;;
269058769682378;22/11/2025 00:55;Hideo;95,16;88,3;63,9;0,13;11;4;7;90,96;System;0;0,02;svchost.exe;0;4,92;Code.exe;40,73;10,91;chrome.exe;27,17;13,02;explorer.exe;0;1,47;MsMpEng.exe;0;1,58;mysqld.exe;0;0,18;python.exe;0;0,37;Taskmgr.exe;27,26;0,65;;;
269058769682378;22/11/2025 01:00;Hideo;67,37;88,2;63,9;0,02;10;6;4;100,1;System;6,21;0,02;svchost.exe;0;5,14;Code.exe;54,34;11;chrome.exe;0;10,61;explorer.exe;0;1,46;MsMpEng.exe;0;1,58;mysqld.exe;0;0,18;python.exe;0;0,37;Taskmgr.exe;6,83;0,65;;;
269058769682378;22/11/2025 01:05;Hideo;60,16;88,2;63,9;2,82;1;1;0;1000,53;System;6,04;0,02;svchost.exe;0;5,16;Code.exe;47,56;10,98;chrome.exe;0;12,61;explorer.exe;0;1,46;MsMpEng.exe;0;1,6;mysqld.exe;0;0,18;python.exe;0;0,37;Taskmgr.exe;6,56;0,65;;;
269058769682378;22/11/2025 01:10;Hideo;60,86;88,8;63,9;121,57;5575;5432;143;0,18;System;0;0,02;svchost.exe;0;4,58;Code.exe;47,69;9,52;chrome.exe;6,83;11,83;explorer.exe;0;1,11;MsMpEng.exe;6,34;1,57;mysqld.exe;0;0,18;python.exe;0;0,37;Taskmgr.exe;0;0,62;;;
269058769682378;22/11/2025 01:15;Hideo;53,68;90,9;63,9;2,15;44;34;10;22,74;System;6,21;0,01;svchost.exe;0;4,54;Code.exe;40,64;8,31;chrome.exe;0;8,16;explorer.exe;0;1,11;MsMpEng.exe;0;1,41;mysqld.exe;0;0,13;python.exe;0;0,36;Taskmgr.exe;6,83;0,6;;;
269058769682378;22/11/2025 01:20;Hideo;47,47;86,9;63,8;0,77;11;1;10;90,95;System;0;0,02;svchost.exe;0;4,53;Code.exe;40,69;8,75;chrome.exe;0;12,52;explorer.exe;0;1,05;MsMpEng.exe;0;1,43;mysqld.exe;0;0,13;python.exe;0;0,37;Taskmgr.exe;6,78;0,61;;;
269058769682378;22/11/2025 01:25;Hideo;54,47;83,9;63,8;0,05;23;2;21;43,52;System;0;0,02;svchost.exe;0;4,77;Code.exe;54,47;10;chrome.exe;0;12,43;explorer.exe;0;1,07;MsMpEng.exe;0;1,51;mysqld.exe;0;0,13;python.exe;0;0,37;Taskmgr.exe;0;0,62;;;
269058769682378;22/11/2025 01:30;Hideo;60,73;88,5;63,7;3,7;25;2;23;40,04;System;6,3;0,02;svchost.exe;0;7;Code.exe;47,6;8,46;chrome.exe;0;7,52;explorer.exe;0;1,34;MsMpEng.exe;0;1,87;mysqld.exe;0;0,03;python.exe;0;0,36;Taskmgr.exe;6,83;0,67;;;
269058769682378;22/11/2025 01:35;Hideo;47,47;81,3;63,7;0,01;6;6;0;166,76;System;0;0,02;svchost.exe;0;7,02;Code.exe;40,64;8,52;chrome.exe;0;7,73;explorer.exe;0;1,35;MsMpEng.exe;0;1,79;mysqld.exe;0;0,03;python.exe;0;0,36;Taskmgr.exe;6,83;0,68;;;
269058769682378;22/11/2025 01:40;Hideo;74,2;87;63,7;0;1;0;1;1000,76;System;0;0,02;svchost.exe;6,26;6,49;chrome.exe;0;13,56;Code.exe;61,12;9,08;explorer.exe;0;1,48;MsMpEng.exe;0;1,57;mysqld.exe;0;0,03;python.exe;6,83;0,37;Taskmgr.exe;0;0,67;;;
269058769682378;22/11/2025 01:45;Hideo;47,56;85,3;63,7;0,08;8;1;7;125,07;System;0;0,02;svchost.exe;0;6,42;Code.exe;40,77;9,83;chrome.exe;0;13,45;explorer.exe;0;1,47;MsMpEng.exe;0;1,6;mysqld.exe;0;0,03;python.exe;0;0,38;Taskmgr.exe;6,78;0,67;;;
269058769682378;22/11/2025 01:50;Hideo;81,55;87,2;63,7;1,8;91;55;36;11;System;0;0,02;svchost.exe;0;6,49;Code.exe;47,6;11,94;chrome.exe;27,17;15,2;explorer.exe;0;1,44;MsMpEng.exe;0;1,6;mysqld.exe;0;0,03;python.exe;0;0,39;Taskmgr.exe;6,78;0,68;;;
269058769682378;22/11/2025 01:55;Hideo;25,9;85;63,7;5,55;140;140;0;7,15;System;19,12;0,01;svchost.exe;0;4,23;Code.exe;0;10,69;chrome.exe;0;12,22;explorer.exe;0;1,08;MsMpEng.exe;0;1,48;mysqld.exe;0;0,02;python.exe;0;0,38;Taskmgr.exe;6,78;0,54;;;
269058769682378;22/11/2025 02:00;Hideo;6,04;75;63,7;0,26;14;9;5;71,46;System;6,04;0,01;svchost.exe;0;4,23;Code.exe;0;8,5;chrome.exe;0;7,17;explorer.exe;0;1,1;MsMpEng.exe;0;1,48;mysqld.exe;0;0,02;python.exe;0;0,37;Taskmgr.exe;0;0,52;;;
269058769682378;22/11/2025 02:05;Hideo;11,77;80,9;63,7;0;15;2;13;66,71;System;4,94;0,01;svchost.exe;0;4,53;Code.exe;0;8,45;chrome.exe;0;9,14;explorer.exe;0;1,11;MsMpEng.exe;0;1,42;mysqld.exe;0;0,02;python.exe;0;0,37;Taskmgr.exe;6,83;0,52;;;
269058769682378;22/11/2025 02:10;Hideo;74,99;81,2;63,7;0;5;0;5;200,18;System;0;0,01;svchost.exe;0;4,58;Code.exe;54,6;8,6;chrome.exe;0;9,21;explorer.exe;0;1,1;MsMpEng.exe;0;1,44;mysqld.exe;0;0,02;python.exe;0;0,38;Taskmgr.exe;20,39;0,52;;;
269058769682378;22/11/2025 02:15;Hideo;6,83;82,5;63,7;0;18;3;15;55,59;System;0;0,01;svchost.exe;0;4,66;Code.exe;0;8,7;chrome.exe;0;12,07;explorer.exe;0;1,1;MsMpEng.exe;0;1,47;mysqld.exe;0;0,02;python.exe;0;0,38;Taskmgr.exe;6,83;0,53;;;
269058769682378;22/11/2025 02:20;Hideo;46,99;82,8;63,7;0,14;0;0;0;0;System;0;0,02;svchost.exe;6,26;4,72;Code.exe;33,95;9,13;chrome.exe;0;11,08;explorer.exe;0;1,11;MsMpEng.exe;0;1,5;mysqld.exe;0;0,02;python.exe;0;0,38;Taskmgr.exe;6,78;0,6;;;
269058769682378;22/11/2025 02:25;Hideo;6,83;84,4;63,7;0,12;1;1;0;1000,53;System;0;0,02;svchost.exe;0;5,27;Code.exe;0;9,27;chrome.exe;6,83;10,26;explorer.exe;0;1,13;MsMpEng.exe;0;2,36;mysqld.exe;0;0,02;python.exe;0;0,38;Taskmgr.exe;0;0,61;;;
269058769682378;22/11/2025 02:30;Hideo;88,38;80,4;63,7;0,03;67;9;58;14,94;System;0;0,02;svchost.exe;0;5,08;Code.exe;47,6;8,62;chrome.exe;33,99;10,28;explorer.exe;0;1,13;MsMpEng.exe;0;2,01;mysqld.exe;0;0,02;python.exe;0;0,38;Taskmgr.exe;6,78;0,6;;;
269058769682378;22/11/2025 02:35;Hideo;6,78;80;63,7;0,06;13;3;10;76,98;System;0;0,02;svchost.exe;0;5,08;Code.exe;0;8,63;chrome.exe;0;5,49;explorer.exe;0;1,13;MsMpEng.exe;0;2;mysqld.exe;0;0,02;python.exe;0;0,38;Taskmgr.exe;6,78;0,6;;;
269058769682378;22/11/2025 02:40;Hideo;60,77;86,5;63,7;0,27;5;1;4;200,1;System;6,26;0,02;svchost.exe;0;4,74;Code.exe;47,69;8,84;chrome.exe;0;7,76;explorer.exe;0;1,23;MsMpEng.exe;0;2,06;mysqld.exe;0;0,02;python.exe;0;0,38;Taskmgr.exe;6,83;0,62;;;
269058769682378;22/11/2025 02:45;Hideo;47,69;85;63,7;0,04;4;4;0;250,27;System;0;0,02;svchost.exe;0;5,07;Code.exe;40,91;9,27;chrome.exe;0;11,04;explorer.exe;0;1,23;MsMpEng.exe;0;2,05;mysqld.exe;0;0,02;python.exe;0;0,38;Taskmgr.exe;6,78;0,63;;;
269058769682378;22/11/2025 02:50;Hideo;20,43;85;63,7;38,2;17;9;8;58,86;System;0;0,02;svchost.exe;0;5,09;Code.exe;6,78;9,35;chrome.exe;6,83;9,65;explorer.exe;0;1,23;MsMpEng.exe;0;2,04;mysqld.exe;0;0,02;python.exe;0;0,38;Taskmgr.exe;6,83;0,63;;;
269058769682378;22/11/2025 02:55;Hideo;79,54;84,3;63,7;0,24;9;1;8;111,17;System;18,2;0,02;svchost.exe;0;5,11;Code.exe;54,51;9,42;chrome.exe;0;10,87;explorer.exe;0;1,23;MsMpEng.exe;0;2,04;mysqld.exe;0;0,02;python.exe;0;0,38;Taskmgr.exe;6,83;0,63;;;
269058769682378;22/11/2025 03:00;Hideo;19,6;85,8;63,7;2,05;26;1;25;38,49;System;12,82;0,02;svchost.exe;0;5,11;Code.exe;0;9,43;chrome.exe;0;11,13;explorer.exe;0;1,23;MsMpEng.exe;0;2,04;mysqld.exe;0;0,02;python.exe;0;0,38;Taskmgr.exe;6,78;0,63;;;
269058769682378;22/11/2025 03:05;Hideo;54,34;85,9;63,7;0;3;3;0;333,62;System;0;0,02;svchost.exe;0;4,94;Code.exe;47,51;10,29;chrome.exe;0;12,61;explorer.exe;0;1,27;MsMpEng.exe;0;1,5;mysqld.exe;0;0,02;python.exe;6,83;0,39;Taskmgr.exe;0;0,62;;;
269058769682378;22/11/2025 03:10;Hideo;87,19;84,6;63,7;0;50;36;14;20,02;System;6,21;0,02;svchost.exe;6,26;5,18;Code.exe;40,86;10,24;chrome.exe;0;16,21;explorer.exe;0;1,3;MsMpEng.exe;0;1,5;mysqld.exe;0;0,02;python.exe;0;0,39;Taskmgr.exe;33,86;0,63;;;
269058769682378;22/11/2025 03:15;Hideo;54,43;84,6;63,7;0;0;0;0;0;System;0;0,02;svchost.exe;0;5,2;Code.exe;40,86;10,36;chrome.exe;6,78;15,08;explorer.exe;0;1,3;MsMpEng.exe;0;1,54;mysqld.exe;0;0,02;python.exe;0;0,39;Taskmgr.exe;6,78;0,63;;;
269058769682378;22/11/2025 03:20;Hideo;6,56;85,5;63,7;0,85;13;2;11;77,02;System;0;0,02;svchost.exe;0;5,27;Code.exe;0;10,54;chrome.exe;6,56;17,11;explorer.exe;0;1,28;MsMpEng.exe;0;1,55;mysqld.exe;0;0,02;python.exe;0;0,39;Taskmgr.exe;0;0,63;;;
269058769682378;22/11/2025 03:25;Hideo;54,47;85,9;63,7;0,57;50;10;40;20,01;System;0;0,02;svchost.exe;0;5,29;Code.exe;47,64;10,72;chrome.exe;0;16,86;explorer.exe;0;1,28;MsMpEng.exe;0;1,55;mysqld.exe;0;0,02;python.exe;0;0,39;Taskmgr.exe;6,83;0,63;;;
269058769682378;22/11/2025 03:30;Hideo;88,07;86,1;63,7;0,12;22;22;0;45,76;System;6,3;0,02;svchost.exe;4,99;5,3;Code.exe;40,73;10,42;chrome.exe;0;16,02;explorer.exe;0;1,28;MsMpEng.exe;18,86;1,57;mysqld.exe;0;0,02;python.exe;0;0,39;Taskmgr.exe;6,78;0,64;;;
269058769682378;22/11/2025 03:35;Hideo;60,55;84,2;63,7;0,1;2;2;0;500,49;System;6,04;0,02;svchost.exe;0;5;Code.exe;47,69;9,97;chrome.exe;0;15,04;explorer.exe;0;1,3;MsMpEng.exe;0;1,49;mysqld.exe;0;0,02;python.exe;0;0,38;Taskmgr.exe;6,83;0,62;;;
269058769682378;22/11/2025 03:40;Hideo;72,93;86,4;63,7;0;1;0;1;1000,89;System;6,12;0,02;svchost.exe;12,21;5,93;Code.exe;47,77;10,91;chrome.exe;0;16,52;explorer.exe;0;1,3;MsMpEng.exe;0;1,61;mysqld.exe;0;0,02;python.exe;0;0,39;Taskmgr.exe;6,83;0,65;;;
269058769682378;22/11/2025 03:45;Hideo;46,03;85,4;63,7;0,13;6;0;6;166,81;System;6,3;0,03;svchost.exe;0;5,7;Code.exe;20,43;10,73;chrome.exe;0;11,86;explorer.exe;0;1,31;MsMpEng.exe;12,47;1,66;mysqld.exe;0;0,02;python.exe;0;0,39;Taskmgr.exe;6,83;0,66;;;
269058769682378;22/11/2025 03:50;Hideo;40,86;86,4;63,7;0,8;130;104;26;7,7;System;0;0,03;svchost.exe;0;4,02;Code.exe;40,86;7,48;explorer.exe;0;1,2;MsMpEng.exe;0;3,16;mysqld.exe;0;0,02;chrome.exe;0;14,22;python.exe;0;0,38;Taskmgr.exe;0;0,62;;;
269058769682378;22/11/2025 03:55;Hideo;54,34;86;63,7;16,56;1;1;0;1000,6;System;0;0,03;svchost.exe;0;4,29;Code.exe;54,34;7,68;explorer.exe;0;1,21;MsMpEng.exe;0;2,64;mysqld.exe;0;0,02;chrome.exe;0;11,8;python.exe;0;0,38;Taskmgr.exe;0;0,62;;;
269058769682378;22/11/2025 04:00;Hideo;13,61;86,4;63,7;0,19;0;0;0;0;System;0;0,03;svchost.exe;0;4,34;Code.exe;0;7,5;explorer.exe;0;1,21;MsMpEng.exe;0;2,6;mysqld.exe;0;0,02;chrome.exe;6,78;10,8;python.exe;0;0,39;Taskmgr.exe;6,83;0,63;;;
269058769682378;22/11/2025 04:05;Hideo;54,34;86,9;63,7;0,06;76;19;57;13,17;System;0;0,03;svchost.exe;0;4,41;Code.exe;47,56;7,72;explorer.exe;0;1,19;MsMpEng.exe;0;2,64;mysqld.exe;0;0,02;chrome.exe;0;13,46;python.exe;0;0,39;Taskmgr.exe;6,78;0,63;;;
269058769682378;22/11/2025 04:10;Hideo;40,73;75,6;63,7;5,07;7;3;4;142,92;System;0;0,03;svchost.exe;0;4,24;Code.exe;27,17;7,7;explorer.exe;0;1,14;MsMpEng.exe;0;2,52;mysqld.exe;0;0,02;chrome.exe;6,78;11,42;python.exe;0;0,39;Taskmgr.exe;6,78;0,61;;;
269058769682378;22/11/2025 04:15;Hideo;33,47;76,1;63,7;0;17;1;16;58,89;System;0;0,03;svchost.exe;0;4,32;Code.exe;20,43;7,81;explorer.exe;0;1,14;MsMpEng.exe;6,26;2,52;mysqld.exe;0;0,02;chrome.exe;0;9,05;python.exe;0;0,39;Taskmgr.exe;6,78;0,61;;;
269058769682378;22/11/2025 04:20;Hideo;20,39;78,6;63,7;7,94;918;876;42;1,09;System;0;0,03;svchost.exe;0;5,76;Code.exe;20,39;7,81;explorer.exe;0;1,65;MsMpEng.exe;0;2,6;mysqld.exe;0;0,02;chrome.exe;0;11,44;python.exe;0;0,4;Taskmgr.exe;0;0,62;;;
269058769682378;22/11/2025 04:25;Hideo;60,11;84,1;63,7;0,28;111;25;86;9,01;System;12,42;0,03;svchost.exe;0;8,13;chrome.exe;0;17,17;Code.exe;40,86;8,17;explorer.exe;0;1,55;MsMpEng.exe;0;2,75;mysqld.exe;0;0,03;python.exe;0;0,4;Taskmgr.exe;6,83;0,7;;;
269058769682378;22/11/2025 04:30;Hideo;47,69;86,8;63,7;47,3;3;1;2;334,37;System;0;0,01;svchost.exe;0;4,98;Code.exe;47,69;7,47;explorer.exe;0;1,32;chrome.exe;0;11,27;MsMpEng.exe;0;1,57;mysqld.exe;0;0,03;python.exe;0;0,38;Taskmgr.exe;0;0,56;;;
269058769682378;22/11/2025 04:35;Hideo;0;88,1;63,7;0,21;26;17;9;38,49;System;0;0,02;svchost.exe;0;5,1;Code.exe;0;6,98;explorer.exe;0;1,32;chrome.exe;0;9,36;MsMpEng.exe;0;1,61;mysqld.exe;0;0,16;python.exe;0;0,38;Taskmgr.exe;0;0,58;;;
269058769682378;22/11/2025 04:40;Hideo;13,04;85,6;63,7;0,02;7;5;2;142,98;System;0;0,02;svchost.exe;6,26;4,68;Code.exe;0;7,04;explorer.exe;0;1,27;chrome.exe;0;12,57;MsMpEng.exe;0;1,52;mysqld.exe;0;0,16;python.exe;0;0,38;Taskmgr.exe;6,78;0,58;;;
269058769682378;22/11/2025 04:45;Hideo;47,51;86,3;63,7;159;49;23;26;20,42;System;0;0,02;svchost.exe;0;4,71;Code.exe;0;7,18;explorer.exe;0;1,28;chrome.exe;0;12,2;MsMpEng.exe;0;1,53;mysqld.exe;0;0,16;python.exe;0;0,38;Taskmgr.exe;47,51;0,58;;;
269058769682378;22/11/2025 04:50;Hideo;6,3;84,5;63,7;1,42;20;11;9;50,04;System;0;0,02;svchost.exe;0;4,73;Code.exe;0;7,64;explorer.exe;0;1,29;chrome.exe;0;9,26;MsMpEng.exe;6,3;1,5;mysqld.exe;0;0,16;python.exe;0;0,38;Taskmgr.exe;0;0,58;;;
269058769682378;22/11/2025 04:55;Hideo;57,22;88,2;63,7;1,23;47;20;27;21,29;System;0;0,01;chrome.exe;0;14,72;svchost.exe;11,94;7,27;Code.exe;27,17;7,12;explorer.exe;0;1,51;MsMpEng.exe;18,11;1,94;mysqld.exe;0;0,05;python.exe;0;0,39;Taskmgr.exe;0;0,7;;;
269058769682378;22/11/2025 05:00;Hideo;13,56;82,8;63,7;0,33;3;2;1;333,54;System;0;0,01;svchost.exe;0;6,71;Code.exe;13,56;6,55;explorer.exe;0;1,5;MsMpEng.exe;0;1,92;mysqld.exe;0;0,04;chrome.exe;0;10,9;python.exe;0;0,38;Taskmgr.exe;0;0,7;;;
269058769682378;22/11/2025 05:05;Hideo;0;83,1;63,7;0,15;0;0;0;0;System;0;0,01;svchost.exe;0;6,75;Code.exe;0;6,69;explorer.exe;0;1,52;MsMpEng.exe;0;1,82;mysqld.exe;0;0,04;chrome.exe;0;10,92;python.exe;0;0,36;Taskmgr.exe;0;0,7;;;
269058769682378;22/11/2025 05:10;Hideo;13,65;87,8;63,8;0,27;7;7;0;142,97;System;0;0,02;svchost.exe;0;6,52;chrome.exe;6,83;17,43;Code.exe;0;6,99;explorer.exe;0;1,55;MsMpEng.exe;0;1,95;mysqld.exe;0;0,04;python.exe;0;0,4;Taskmgr.exe;6,83;0,7;;;
269058769682378;22/11/2025 05:15;Hideo;81,59;89;63,8;0,18;7;4;3;142,96;System;0;0,02;svchost.exe;0;6,51;chrome.exe;6,83;16,63;Code.exe;40,82;7,12;explorer.exe;0;1,55;MsMpEng.exe;0;1,84;mysqld.exe;0;0,04;python.exe;0;0,4;Taskmgr.exe;33,95;0,7;;;
269058769682378;22/11/2025 05:20;Hideo;0;85,4;63,8;0;0;0;0;0;System;0;0,02;svchost.exe;0;6,1;chrome.exe;0;15,42;Code.exe;0;6,73;explorer.exe;0;1,49;MsMpEng.exe;0;1,8;mysqld.exe;0;0,04;python.exe;0;0,4;Taskmgr.exe;0;0,68;;;
269058769682378;22/11/2025 05:25;Hideo;82,99;89;63,8;118,13;3295;3230;65;0,3;System;51,19;0,02;svchost.exe;12,34;6,51;Code.exe;0;6,64;explorer.exe;6,78;1,61;MsMpEng.exe;5,86;1,94;mysqld.exe;0;0,03;chrome.exe;0;14,17;python.exe;0;0,4;Taskmgr.exe;6,83;0,67;;;
269058769682378;22/11/2025 05:30;Hideo;74,24;87,4;63,9;4,57;724;683;41;1,38;System;6,17;0,02;svchost.exe;0;5,81;Code.exe;54,43;6,92;explorer.exe;6,83;1,44;MsMpEng.exe;0;2,11;mysqld.exe;0;0,03;chrome.exe;0;13,19;python.exe;0;0,4;Taskmgr.exe;6,83;0,91;;;
269058769682378;22/11/2025 05:35;Hideo;80,89;89,9;63,9;1,19;91;9;82;11;System;6,39;0,02;svchost.exe;0;5,38;Code.exe;61,07;7,9;explorer.exe;0;1,3;MsMpEng.exe;0;1,83;mysqld.exe;0;0,02;chrome.exe;6,65;12,72;python.exe;0;0,39;Taskmgr.exe;6,78;0,91;;;
269058769682378;22/11/2025 05:40;Hideo;47,69;85,5;63,9;2,22;112;111;1;8,94;System;0;0,02;svchost.exe;0;5,57;Code.exe;34,08;8,93;explorer.exe;6,83;1,32;MsMpEng.exe;0;1,85;mysqld.exe;0;0,02;chrome.exe;0;10,62;python.exe;0;0,39;Taskmgr.exe;6,78;0,91;;;
269058769682378;22/11/2025 05:45;Hideo;73,02;84,3;63,9;0,2;7;0;7;143,47;System;18,68;0,02;svchost.exe;0;5,79;Code.exe;40,77;8,55;explorer.exe;0;1,35;MsMpEng.exe;0;1,87;mysqld.exe;0;0,02;chrome.exe;0;15,46;python.exe;6,78;0,4;Taskmgr.exe;6,78;0,92;;;
269058769682378;22/11/2025 05:50;Hideo;53,68;87,1;63,9;0,63;20;11;9;50,02;System;6,12;0,02;svchost.exe;0;5,82;Code.exe;40,73;8,83;explorer.exe;0;1,36;MsMpEng.exe;0;1,95;mysqld.exe;0;0,02;chrome.exe;0;15,45;python.exe;0;0,4;Taskmgr.exe;6,83;0,92;;;
269058769682378;22/11/2025 05:55;Hideo;46,94;87,1;63,9;0,16;4;4;0;250,19;System;0;0,02;svchost.exe;6,17;5,95;Code.exe;40,77;8,77;explorer.exe;0;1,35;MsMpEng.exe;0;1,95;mysqld.exe;0;0,02;chrome.exe;0;14,89;python.exe;0;0,4;Taskmgr.exe;0;0,93;;;
269058769682378;22/11/2025 06:00;Hideo;25,81;84,2;63,9;0,12;7;1;6;142,95;System;0;0,03;svchost.exe;12,21;7,92;Code.exe;0;7,32;explorer.exe;0;1,64;MsMpEng.exe;0;1,92;mysqld.exe;0;0,03;chrome.exe;0;7,96;python.exe;6,83;0,39;Taskmgr.exe;6,78;0,8;;;
269058769682378;22/11/2025 06:05;Hideo;47,78;84,9;63,9;0,65;22;2;20;45,47;System;0;0,02;chrome.exe;0;17,28;svchost.exe;0;6,03;Code.exe;40,95;7,02;explorer.exe;0;1,5;MsMpEng.exe;0;1,65;mysqld.exe;0;0,03;python.exe;0;0,38;Taskmgr.exe;6,83;0,67;;;
269058769682378;22/11/2025 06:10;Hideo;20,43;84,7;63,9;0,12;23;14;9;43,51;System;0;0,02;chrome.exe;13,61;14,6;svchost.exe;0;6,09;Code.exe;0;6,99;explorer.exe;0;1,5;MsMpEng.exe;0;1,75;mysqld.exe;0;0,03;python.exe;0;0,39;Taskmgr.exe;6,83;0,67;;;
269058769682378;22/11/2025 06:15;Hideo;67,16;84;63,9;0,25;39;2;37;25,66;System;6,21;0,02;chrome.exe;0;15,7;svchost.exe;0;5,84;Code.exe;0;6,95;explorer.exe;0;1,54;MsMpEng.exe;0;1,73;mysqld.exe;0;0,03;python.exe;0;0,39;Taskmgr.exe;60,94;0,65;;;
269058769682378;22/11/2025 06:20;Hideo;80,98;87,3;63,9;2,38;39;3;36;25,65;System;6,21;0,02;chrome.exe;54,43;15,71;svchost.exe;0;6,29;Code.exe;20,34;7,19;explorer.exe;0;1,73;MsMpEng.exe;0;1,9;mysqld.exe;0;0,03;python.exe;0;0,39;Taskmgr.exe;0;0,68;;;
269058769682378;22/11/2025 06:25;Hideo;6,78;86,9;63,9;0,17;3;3;0;333,5;System;0;0,02;chrome.exe;0;16,86;svchost.exe;0;6,24;Code.exe;0;7,1;explorer.exe;0;1,75;MsMpEng.exe;0;1,79;mysqld.exe;0;0,03;python.exe;0;0,39;Taskmgr.exe;6,78;0,68;;;
269058769682378;22/11/2025 06:30;Hideo;88,42;86,6;63,9;0,16;485;473;12;2,06;System;0;0,02;chrome.exe;27,21;17,07;svchost.exe;0;6,23;Code.exe;6,78;7,26;explorer.exe;0;1,75;MsMpEng.exe;0;1,92;mysqld.exe;0;0,03;python.exe;0;0,39;Taskmgr.exe;54,43;0,69;;;
269058769682378;22/11/2025 06:35;Hideo;33,99;87,1;63,9;0;1;0;1;1000,66;System;0;0,02;chrome.exe;6,78;16,91;svchost.exe;0;6,27;Code.exe;27,21;7,19;explorer.exe;0;1,72;MsMpEng.exe;0;1,92;mysqld.exe;0;0,03;python.exe;0;0,4;Taskmgr.exe;0;0,69;;;
269058769682378;22/11/2025 06:40;Hideo;33,95;90,2;63,9;0,63;0;0;0;0;System;0;0,02;chrome.exe;27,12;19,77;svchost.exe;0;6,31;Code.exe;0;7,74;explorer.exe;0;1,74;MsMpEng.exe;0;1,85;mysqld.exe;0;0,03;python.exe;0;0,4;Taskmgr.exe;6,83;0,69;;;
269058769682378;22/11/2025 06:45;Hideo;74,37;90,7;63,9;0;0;0;0;0;System;6,26;0,02;chrome.exe;0;18,85;svchost.exe;0;6,34;Code.exe;61,34;7,39;explorer.exe;0;1,74;MsMpEng.exe;0;1,89;mysqld.exe;0;0,03;python.exe;0;0,4;Taskmgr.exe;6,78;0,69;;;
269058769682378;22/11/2025 06:50;Hideo;44,14;91,2;63,9;0,2;4;4;0;250,14;System;0;0,03;chrome.exe;0;16,2;svchost.exe;0;6,08;Code.exe;0;7,32;explorer.exe;0;1,75;MsMpEng.exe;44,14;2,88;mysqld.exe;0;0,03;python.exe;0;0,4;Taskmgr.exe;0;0,63;;;
269058769682378;22/11/2025 06:55;Hideo;40,78;83,2;63,8;0;6;6;0;166,8;System;0;0,02;chrome.exe;6,78;15,13;svchost.exe;0;4,96;Code.exe;27,21;5,93;explorer.exe;0;1,41;MsMpEng.exe;0;2,37;mysqld.exe;0;0,02;python.exe;0;0,39;Taskmgr.exe;6,78;0,61;;;
269058769682378;22/11/2025 07:00;Hideo;6,21;84,3;63,8;0,21;0;0;0;0;System;0;0,02;chrome.exe;0;15,14;svchost.exe;6,21;5,02;Code.exe;0;6,26;explorer.exe;0;1,42;MsMpEng.exe;0;2,11;mysqld.exe;0;0,02;python.exe;0;0,39;Taskmgr.exe;0;0,61;;;
269058769682378;22/11/2025 07:05;Hideo;6,83;85;63,8;0,07;0;0;0;0;System;0;0,02;chrome.exe;0;13,32;svchost.exe;0;5,09;Code.exe;0;6,26;explorer.exe;0;1,4;MsMpEng.exe;0;2,2;mysqld.exe;0;0,02;python.exe;0;0,4;Taskmgr.exe;6,83;0,61;;;
269058769682378;22/11/2025 07:10;Hideo;33,03;83,7;63,8;0;34;34;0;29,43;System;6,26;0,02;chrome.exe;0;17,06;svchost.exe;0;5,21;Code.exe;13,61;6,22;explorer.exe;0;1,4;MsMpEng.exe;6,34;2,16;mysqld.exe;0;0,02;python.exe;0;0,4;Taskmgr.exe;6,83;0,61;;;
269058769682378;22/11/2025 07:15;Hideo;54,34;84,2;63,8;0,01;2;0;2;500,19;System;0;0,02;chrome.exe;0;16,95;svchost.exe;0;5,22;Code.exe;47,56;6,6;explorer.exe;0;1,39;MsMpEng.exe;0;2,13;mysqld.exe;0;0,02;python.exe;0;0,4;Taskmgr.exe;6,78;0,61;;;
269058769682378;22/11/2025 07:20;Hideo;13,56;76,8;63,8;20,83;6;2;4;166,78;System;0;0,02;chrome.exe;0;13,55;svchost.exe;0;5,32;Code.exe;0;7,35;explorer.exe;6,78;1,41;MsMpEng.exe;0;2,22;mysqld.exe;0;0,02;python.exe;0;0,4;Taskmgr.exe;6,78;0,61;;;
269058769682378;22/11/2025 07:25;Hideo;40,91;84,3;63,8;0,02;10;7;3;100,09;System;0;0,02;chrome.exe;34,08;14,18;svchost.exe;0;5,53;Code.exe;0;9,02;explorer.exe;0;1,44;MsMpEng.exe;0;2,14;mysqld.exe;0;0,02;python.exe;0;0,41;Taskmgr.exe;6,83;0,61;;;
269058769682378;22/11/2025 07:30;Hideo;27,17;87,7;63,9;1,69;46;38;8;21,75;System;0;0,03;chrome.exe;6,78;30,01;svchost.exe;0;5,57;Code.exe;13,61;8,82;explorer.exe;0;1,43;MsMpEng.exe;0;2,18;mysqld.exe;0;0,02;python.exe;0;0,41;Taskmgr.exe;6,78;0,61;;;
269058769682378;22/11/2025 07:35;Hideo;74,2;89,4;63,9;1,28;0;0;0;0;System;6,26;0,02;chrome.exe;13,56;32,65;svchost.exe;0;4,62;Code.exe;47,56;8,63;explorer.exe;0;1,25;MsMpEng.exe;0;1,86;mysqld.exe;0;0,02;python.exe;0;0,39;Taskmgr.exe;6,83;0,55;;;
269058769682378;22/11/2025 07:40;Hideo;20,17;89,2;63,9;0,06;123;25;98;8,13;System;0;0,02;chrome.exe;13,39;28,38;svchost.exe;0;4,62;Code.exe;6,78;8,76;explorer.exe;0;1,25;MsMpEng.exe;0;1,86;mysqld.exe;0;0,02;python.exe;0;0,4;Taskmgr.exe;0;0,55;;;
269058769682378;22/11/2025 07:45;Hideo;47,34;85,3;63,9;0,03;2;0;2;500,21;System;0;0,02;chrome.exe;20,08;29,77;svchost.exe;0;4,66;Code.exe;0;8,57;explorer.exe;0;1,25;MsMpEng.exe;0;1,84;mysqld.exe;0;0,02;python.exe;0;0,4;Taskmgr.exe;27,26;0,55;;;
269058769682378;22/11/2025 07:50;Hideo;66,94;86,3;63,9;28,63;190;190;0;5,27;System;12,56;0,02;chrome.exe;13,65;38,63;svchost.exe;0;4,07;Code.exe;40,73;7,1;explorer.exe;0;1,15;MsMpEng.exe;0;1,56;mysqld.exe;0;0,02;python.exe;0;0,4;Taskmgr.exe;0;0,61;;;
269058769682378;22/11/2025 07:55;Hideo;26,51;85,3;63,9;7,28;12;1;11;83,39;System;6,12;0,02;chrome.exe;6,78;38,74;svchost.exe;0;4,19;Code.exe;6,83;7,48;explorer.exe;0;1,15;MsMpEng.exe;0;1,57;mysqld.exe;0;0,02;python.exe;0;0,4;Taskmgr.exe;6,78;0,61;;;
269058769682378;22/11/2025 08:00;Hideo;27,13;85,7;63,9;0,37;52;14;38;19,24;System;0;0,02;chrome.exe;0;35,6;svchost.exe;0;4,29;Code.exe;13,61;7,39;explorer.exe;0;1,17;MsMpEng.exe;0;1,54;mysqld.exe;0;0,02;python.exe;0;0,4;Taskmgr.exe;13,52;0,61;;;
269058769682378;22/11/2025 08:05;Hideo;25,55;86,5;63,9;0,8;30;30;0;33,36;System;5,95;0,02;chrome.exe;13,61;40,68;svchost.exe;0;4,38;Code.exe;0;7,32;explorer.exe;0;1,21;MsMpEng.exe;5,99;1,53;mysqld.exe;0;0,02;python.exe;0;0,4;Taskmgr.exe;0;0,62;;;
269058769682378;22/11/2025 08:10;Hideo;81,68;88,3;63,9;0,39;26;6;20;38,49;System;0;0,02;chrome.exe;81,68;40,68;svchost.exe;0;4,38;Code.exe;0;7,67;explorer.exe;0;1,18;MsMpEng.exe;0;1,55;mysqld.exe;0;0,02;python.exe;0;0,4;Taskmgr.exe;0;0,62;;;
269058769682378;22/11/2025 08:15;Hideo;13,56;83,9;63,9;0,45;37;21;16;27,05;System;0;0,01;chrome.exe;6,78;26,71;svchost.exe;0;3,58;Code.exe;0;5,41;explorer.exe;0;0,97;MsMpEng.exe;0;1,42;mysqld.exe;0;0,02;python.exe;0;0,4;Taskmgr.exe;6,78;0,54;;;
269058769682378;22/11/2025 08:20;Hideo;82,56;65,1;63,8;314,77;415;401;14;2,41;System;0;0,02;svchost.exe;0;4,34;Code.exe;6,78;5,64;explorer.exe;0;1,26;MsMpEng.exe;55,87;2,22;mysqld.exe;0;0,02;python.exe;0;0,4;Taskmgr.exe;6,34;0,63;AMDRSServ.exe;13,56;0,04;;;
269058769682378;22/11/2025 08:25;Hideo;74,07;92,2;63,9;11,44;1210;332;878;0,83;System;6,43;0,04;svchost.exe;6,34;3,44;chrome.exe;6,83;34,76;Code.exe;40,91;4,97;explorer.exe;6,78;1,15;MsMpEng.exe;0;1,85;mysqld.exe;0;0,02;python.exe;0;0,39;Taskmgr.exe;6,78;0,61;;;
269058769682378;22/11/2025 08:30;Hideo;6,83;88;63,9;0,51;59;24;35;16,96;System;0;0,04;svchost.exe;0;4,86;chrome.exe;0;26,72;Code.exe;0;5,16;explorer.exe;0;1,42;MsMpEng.exe;0;1,61;mysqld.exe;0;0,02;python.exe;0;0,39;Taskmgr.exe;6,83;0,66;;;
269058769682378;22/11/2025 08:35;Hideo;6,83;86,6;63,9;4,8;13;11;2;76,96;System;0;0,04;svchost.exe;0;4,93;chrome.exe;0;27,05;Code.exe;0;5,37;explorer.exe;0;1,43;MsMpEng.exe;0;1,61;mysqld.exe;0;0,02;python.exe;0;0,4;Taskmgr.exe;6,83;0,66;;;
269058769682378;22/11/2025 08:40;Hideo;74,86;85,9;63,9;0,37;8;8;0;133,04;System;0;0,04;svchost.exe;0;5,09;chrome.exe;0;26,98;Code.exe;68,03;5,93;explorer.exe;0;1,47;MsMpEng.exe;0;1,6;mysqld.exe;0;0,02;python.exe;0;0,4;Taskmgr.exe;6,83;0,66;;;
269058769682378;22/11/2025 08:45;Hideo;47,64;80,6;63,9;3,48;55;55;0;18,2;System;0;0,04;svchost.exe;0;5,23;chrome.exe;0;24,01;Code.exe;40,82;6,11;explorer.exe;0;1,48;MsMpEng.exe;0;1,54;mysqld.exe;0;0,02;python.exe;0;0,4;Taskmgr.exe;6,83;0,66;;;
269058769682378;22/11/2025 08:50;Hideo;6,83;87,1;63,9;0,24;13;9;4;76,99;System;0;0,04;svchost.exe;0;5,24;chrome.exe;0;27,48;Code.exe;0;6,2;explorer.exe;0;1,48;MsMpEng.exe;0;1,64;mysqld.exe;0;0,02;python.exe;0;0,4;Taskmgr.exe;6,83;0,67;;;
269058769682378;22/11/2025 08:55;Hideo;47,6;83;63,9;2,83;6;6;0;166,76;System;0;0,04;svchost.exe;0;5,23;chrome.exe;0;27,4;Code.exe;47,6;6,06;explorer.exe;0;1,49;MsMpEng.exe;0;1,96;mysqld.exe;0;0,02;python.exe;0;0,4;Taskmgr.exe;0;0,67;;;
269058769682378;22/11/2025 09:00;Hideo;61,03;84,3;63,9;4,62;7;0;7;142,98;System;0;0,04;svchost.exe;0;4,98;chrome.exe;6,78;30,17;Code.exe;47,47;6,07;explorer.exe;0;1,49;MsMpEng.exe;0;1,84;mysqld.exe;0;0,02;python.exe;0;0,39;Taskmgr.exe;6,78;0,67;;;
269058769682378;22/11/2025 09:05;Hideo;54,43;85,1;63,9;0,01;60;60;0;16,68;System;0;0,04;svchost.exe;0;4,98;chrome.exe;6,78;29,75;Code.exe;40,86;6,3;explorer.exe;0;1,45;MsMpEng.exe;0;1,8;mysqld.exe;0;0,02;python.exe;0;0,4;Taskmgr.exe;6,78;0,67;;;
269058769682378;22/11/2025 09:10;Hideo;81,73;84,4;63,9;0,75;32;11;21;31,27;System;0;0,04;svchost.exe;0;5;chrome.exe;13,65;25,14;Code.exe;47,64;6,41;explorer.exe;0;1,46;MsMpEng.exe;0;1,77;mysqld.exe;0;0,02;python.exe;6,83;0,39;Taskmgr.exe;13,61;0,66;;;
269058769682378;22/11/2025 09:15;Hideo;67,33;81,7;63,9;0,96;22;7;15;45,49;System;6,12;0,04;svchost.exe;0;4,95;chrome.exe;0;26,88;Code.exe;54,47;6,26;explorer.exe;0;1,49;MsMpEng.exe;0;1,79;mysqld.exe;0;0,02;python.exe;0;0,4;Taskmgr.exe;6,74;0,66;;;
269058769682378;22/11/2025 09:20;Hideo;76,78;82,2;63,9;0,18;14;3;11;71,48;System;6,21;0,04;svchost.exe;0;4,97;chrome.exe;0;23;Code.exe;40,86;6,27;explorer.exe;0;1,49;MsMpEng.exe;22,88;1,93;mysqld.exe;0;0,02;python.exe;0;0,39;Taskmgr.exe;6,83;0,66;;;
269058769682378;22/11/2025 09:25;Hideo;45,02;81,3;63,9;0,33;16;11;5;62,57;System;0;0,04;svchost.exe;31,41;5,05;Code.exe;0;6,5;explorer.exe;0;1,5;MsMpEng.exe;0;1,83;mysqld.exe;0;0,02;chrome.exe;6,83;22,84;python.exe;0;0,41;Taskmgr.exe;6,78;0,66;;;
269058769682378;22/11/2025 09:30;Hideo;27,21;84,8;64;0,18;6;3;3;166,77;System;0;0,04;svchost.exe;0;4,32;Code.exe;0;6,48;chrome.exe;20,39;31,71;explorer.exe;0;1,29;MsMpEng.exe;0;1,81;mysqld.exe;0;0,02;python.exe;0;0,41;Taskmgr.exe;6,83;0,59;;;
269058769682378;22/11/2025 09:35;Hideo;60,03;83,8;64;0,03;38;4;34;26,34;System;12,38;0,04;svchost.exe;0;4,33;Code.exe;40,86;6,72;chrome.exe;0;28,93;explorer.exe;0;1,29;MsMpEng.exe;0;1,73;mysqld.exe;0;0,02;python.exe;0;0,41;Taskmgr.exe;6,78;0,59;;;
269058769682378;22/11/2025 09:40;Hideo;25,46;84,2;64;0,05;8;3;5;125,09;System;12,42;0,04;svchost.exe;6,3;4,33;Code.exe;0;6,52;chrome.exe;0;29,69;explorer.exe;0;1,29;MsMpEng.exe;0;1,82;mysqld.exe;0;0,02;python.exe;0;0,41;Taskmgr.exe;6,74;0,59;;;
269058769682378;22/11/2025 09:45;Hideo;47,56;84,7;64;4,9;1;1;0;1000,81;System;0;0,04;svchost.exe;0;4,32;Code.exe;47,56;6,34;chrome.exe;0;25,66;explorer.exe;0;1,25;MsMpEng.exe;0;1,71;mysqld.exe;0;0,02;python.exe;0;0,41;Taskmgr.exe;0;0,62;;;
269058769682378;22/11/2025 09:50;Hideo;6,83;82,2;64;1,5;3;2;1;333,55;System;0;0,04;svchost.exe;0;4,36;chrome.exe;6,83;27,36;Code.exe;0;6,36;explorer.exe;0;1,27;MsMpEng.exe;0;1,74;mysqld.exe;0;0,02;python.exe;0;0,4;Taskmgr.exe;0;0,62;;;
269058769682378;22/11/2025 09:55;Hideo;0;82,8;64;0,27;142;115;27;7,05;System;0;0,04;svchost.exe;0;4,53;chrome.exe;0;25,01;Code.exe;0;6,38;explorer.exe;0;1,29;MsMpEng.exe;0;1,57;mysqld.exe;0;0,02;python.exe;0;0,4;Taskmgr.exe;0;0,62;;;
269058769682378;22/11/2025 10:00;Hideo;27,21;84,1;64;0,15;2;2;0;500,33;System;0;0,04;svchost.exe;0;4,61;chrome.exe;0;28,2;Code.exe;0;6,79;explorer.exe;0;1,3;MsMpEng.exe;0;1,86;mysqld.exe;0;0,02;python.exe;0;0,41;Taskmgr.exe;0;0,63;;;
269058769682378;22/11/2025 10:05;Hideo;40,86;83,5;64;0,83;0;0;0;0;System;0;0,04;svchost.exe;0;4,61;Code.exe;6,78;6,78;chrome.exe;0;27,95;explorer.exe;0;1,3;MsMpEng.exe;0;1,83;mysqld.exe;0;0,02;python.exe;0;0,41;Taskmgr.exe;34,08;0,63;;;
269058769682378;22/11/2025 10:10;Hideo;6,83;84,9;64;0,02;3;2;1;333,73;System;0;0,02;svchost.exe;0;3,88;chrome.exe;0;26,91;Code.exe;0;6,48;explorer.exe;0;1,14;MsMpEng.exe;0;1,7;mysqld.exe;0;0,02;python.exe;0;0,4;Taskmgr.exe;6,83;0,59;;;
269058769682378;22/11/2025 10:15;Hideo;88,07;86,2;64;0,6;21;4;17;47,65;System;0;0,03;svchost.exe;6,26;3,9;chrome.exe;0;27,15;Code.exe;0;6,29;explorer.exe;74,99;1,14;MsMpEng.exe;0;1,65;mysqld.exe;0;0,02;python.exe;0;0,4;Taskmgr.exe;6,83;0,59;;;
269058769682378;22/11/2025 10:20;Hideo;6,78;80,4;64;0,12;15;1;14;66,74;System;0;0,03;svchost.exe;0;3,6;chrome.exe;0;20,91;Code.exe;0;6,15;explorer.exe;0;1,14;MsMpEng.exe;0;1,63;mysqld.exe;0;0,02;python.exe;0;0,37;Taskmgr.exe;6,78;0,57;;;
269058769682378;22/11/2025 10:25;Hideo;6,83;83,4;64;0;2;0;2;500,46;System;0;0,03;svchost.exe;0;3,75;chrome.exe;0;19,37;Code.exe;0;6,05;explorer.exe;0;1,15;MsMpEng.exe;0;1,79;mysqld.exe;0;0,02;python.exe;0;0,4;Taskmgr.exe;6,83;0,57;;;
269058769682378;22/11/2025 10:30;Hideo;12,91;86;64;0,69;28;20;8;35,79;System;6,17;0,03;svchost.exe;0;4,43;chrome.exe;0;19,21;Code.exe;0;6,47;explorer.exe;0;1,17;MsMpEng.exe;0;1,79;mysqld.exe;0;0,02;python.exe;0;0,41;Taskmgr.exe;6,74;0,58;;;
269058769682378;22/11/2025 10:35;Hideo;88,55;80,6;64;1,5;9;0;9;111,19;System;0;0,03;svchost.exe;0;4,27;chrome.exe;0;17,93;Code.exe;47,69;6,28;explorer.exe;0;1,17;MsMpEng.exe;0;1,76;mysqld.exe;0;0,02;python.exe;0;0,41;Taskmgr.exe;40,86;0,58;;;
269058769682378;22/11/2025 10:40;Hideo;60,11;82,1;64;0,19;46;2;44;21,76;System;0;0,03;svchost.exe;0;4,28;Code.exe;40,77;6,34;chrome.exe;0;16,51;explorer.exe;0;1,17;MsMpEng.exe;12,51;1,75;mysqld.exe;0;0,02;python.exe;0;0,41;Taskmgr.exe;6,83;0,58;;;
269058769682378;22/11/2025 10:45;Hideo;46,77;85,5;64;0,32;21;0;21;47,66;System;5,99;0,03;svchost.exe;0;4,39;Code.exe;40,77;6,33;chrome.exe;0;21,34;explorer.exe;0;1,16;MsMpEng.exe;0;1,81;mysqld.exe;0;0,02;python.exe;0;0,41;Taskmgr.exe;0;0,62;;;
269058769682378;22/11/2025 10:50;Hideo;13,04;85,8;64;0;1;0;1;1000,42;System;0;0,03;svchost.exe;0;4,38;Code.exe;0;6,42;chrome.exe;0;17,34;explorer.exe;0;1,16;MsMpEng.exe;0;2,04;mysqld.exe;6,21;0,02;python.exe;0;0,41;Taskmgr.exe;6,83;0,62;;;
269058769682378;22/11/2025 10:55;Hideo;26,6;81,4;64;0,05;7;4;3;142,94;System;6,26;0,03;svchost.exe;0;4,4;Code.exe;6,78;6,61;chrome.exe;13,56;20,79;explorer.exe;0;1,18;MsMpEng.exe;0;1,94;mysqld.exe;0;0,02;python.exe;0;0,41;Taskmgr.exe;0;0,62;;;
269058769682378;22/11/2025 11:00;Hideo;54,56;82;64;3,63;106;29;77;9,52;System;0;0,03;svchost.exe;0;4,96;chrome.exe;13,65;22,4;Code.exe;0;6,51;explorer.exe;0;1,36;MsMpEng.exe;0;1,84;mysqld.exe;0;0,02;python.exe;0;0,41;Taskmgr.exe;0;0,63;;;
269058769682378;22/11/2025 11:05;Hideo;20,43;86,4;64;0,11;17;0;17;58,87;System;0;0,03;svchost.exe;0;5,3;chrome.exe;6,83;24,46;Code.exe;6,78;6,63;explorer.exe;0;1,41;MsMpEng.exe;0;1,85;mysqld.exe;0;0,02;python.exe;0;0,42;Taskmgr.exe;6,83;0,64;;;
269058769682378;22/11/2025 11:10;Hideo;60,16;88,6;64;198,88;327;222;105;3,06;System;0;0,03;svchost.exe;6,39;5,5;chrome.exe;0;24,58;Code.exe;40,77;6,58;explorer.exe;0;1,43;MsMpEng.exe;6,17;1,91;mysqld.exe;0;0,02;python.exe;0;0,41;Taskmgr.exe;6,83;0,64;;;
269058769682378;22/11/2025 11:15;Hideo;84,7;88,4;64;17,64;635;81;554;1,58;System;12,56;0,03;chrome.exe;0;28,62;svchost.exe;12,64;6;Code.exe;34,04;7,16;explorer.exe;0;1,5;MsMpEng.exe;18,68;2,34;mysqld.exe;0;0,02;python.exe;0;0,39;Taskmgr.exe;6,78;0,65;;;
269058769682378;22/11/2025 11:20;Hideo;95,29;88,1;64;0,07;9;0;9;111,2;System;0;0,03;svchost.exe;0;6,07;chrome.exe;13,61;28,63;Code.exe;74,9;6,51;explorer.exe;0;1,53;MsMpEng.exe;0;2,02;mysqld.exe;0;0,02;python.exe;6,78;0,42;Taskmgr.exe;0;0,65;;;
269058769682378;22/11/2025 11:25;Hideo;6,78;84,5;64;0,25;42;9;33;23,84;System;0;0,03;svchost.exe;0;6,04;Code.exe;0;6,57;chrome.exe;0;27,03;explorer.exe;0;1,52;MsMpEng.exe;0;2,02;mysqld.exe;0;0,02;python.exe;0;0,42;Taskmgr.exe;6,78;0,65;;;
269058769682378;22/11/2025 11:30;Hideo;60,03;85,1;64;0,03;9;1;8;111,17;System;12,29;0,03;svchost.exe;0;6,74;Code.exe;40,91;7,9;chrome.exe;0;27,72;explorer.exe;0;1,53;MsMpEng.exe;0;2,14;mysqld.exe;0;0,02;python.exe;0;0,42;Taskmgr.exe;6,83;0,66;;;
269058769682378;22/11/2025 11:35;Hideo;0;84,8;64;0,01;10;2;8;100,05;System;0;0,03;svchost.exe;0;6,73;Code.exe;0;7,96;chrome.exe;0;26,99;explorer.exe;0;1,53;MsMpEng.exe;0;2,06;mysqld.exe;0;0,02;python.exe;0;0,42;Taskmgr.exe;0;0,66;;;
269058769682378;22/11/2025 11:40;Hideo;53,72;77,9;63,9;0,91;38;19;19;26,35;System;5,99;0,05;svchost.exe;0;6,04;Code.exe;0;5,9;chrome.exe;0;20,73;explorer.exe;0;1,12;MsMpEng.exe;0;1,73;mysqld.exe;0;0,02;python.exe;0;0,38;Taskmgr.exe;47,73;0,6;;;
269058769682378;22/11/2025 11:45;Hideo;19,82;78,2;63,9;0,88;129;128;1;7,76;System;6,26;0,05;svchost.exe;0;6,04;Code.exe;0;5,77;chrome.exe;6,83;20,73;explorer.exe;0;1,12;MsMpEng.exe;0;1,6;mysqld.exe;0;0,02;python.exe;0;0,38;Taskmgr.exe;6,74;0,6;;;
269058769682378;22/11/2025 11:50;Hideo;61,34;86,1;63,9;0,54;132;102;30;7,58;System;0;0,03;svchost.exe;0;8,49;Code.exe;40,95;8,56;chrome.exe;13,61;16,49;explorer.exe;0;1,37;MsMpEng.exe;0;2,29;mysqld.exe;0;0,03;python.exe;0;0,39;Taskmgr.exe;6,78;0,69;;;
269058769682378;22/11/2025 11:55;Hideo;40,82;86,8;63,9;0;6;4;2;166,85;System;0;0,03;svchost.exe;0;8,48;Code.exe;0;8,58;chrome.exe;0;16,02;explorer.exe;0;1,37;MsMpEng.exe;0;2,22;mysqld.exe;0;0,03;python.exe;0;0,39;Taskmgr.exe;40,82;0,69;;;
269058769682378;22/11/2025 12:00;Hideo;61,12;86,8;63,9;0,06;2;2;0;500,57;System;0;0,03;svchost.exe;0;8,5;Code.exe;40,77;8,45;chrome.exe;0;15,9;explorer.exe;0;1,37;MsMpEng.exe;0;2,26;mysqld.exe;0;0,03;python.exe;13,56;0,4;Taskmgr.exe;6,78;0,69;;;
269058769682378;22/11/2025 12:05;Hideo;67,37;83,1;63,9;0,92;36;0;36;27,8;System;0;0,03;svchost.exe;0;9,02;chrome.exe;0;18,14;Code.exe;61,34;8,57;explorer.exe;0;1,85;MsMpEng.exe;6,04;2,16;mysqld.exe;0;0,03;python.exe;0;0,4;Taskmgr.exe;0;0,77;;;
269058769682378;22/11/2025 12:10;Hideo;47,6;84,6;63,9;0,02;19;0;19;52,69;System;0;0,03;svchost.exe;0;8,34;Code.exe;40,82;8,35;chrome.exe;0;19,67;explorer.exe;0;1,85;MsMpEng.exe;0;2,33;mysqld.exe;0;0,03;python.exe;0;0,52;Taskmgr.exe;6,78;0,78;;;
269058769682378;22/11/2025 12:15;Hideo;54,47;84,1;63,9;21,34;14;0;14;71,47;System;0;0,03;svchost.exe;0;8,15;Code.exe;40,91;8,32;chrome.exe;6,78;19,09;explorer.exe;0;1,84;MsMpEng.exe;0;1,87;mysqld.exe;0;0,03;python.exe;0;0,51;Taskmgr.exe;6,78;0,78;;;
269058769682378;22/11/2025 12:20;Hideo;20,43;82,8;63,9;1,26;0;0;0;0;System;0;0,03;svchost.exe;0;8,13;Code.exe;0;8,43;chrome.exe;13,65;19,08;explorer.exe;0;1,84;MsMpEng.exe;0;1,9;mysqld.exe;0;0,03;python.exe;0;0,51;Taskmgr.exe;6,78;0,78;;;
269058769682378;22/11/2025 12:25;Hideo;53,33;82,9;63,9;0,74;14;3;11;71,48;System;12,47;0,03;svchost.exe;0;8,15;Code.exe;0;8,31;chrome.exe;0;14,6;explorer.exe;0;1,84;MsMpEng.exe;0;1,9;mysqld.exe;0;0,03;python.exe;0;0,51;Taskmgr.exe;40,86;0,78;;;
269058769682378;22/11/2025 12:30;Hideo;30,8;85,4;63,9;0,29;1;1;0;1000,75;System;0;0,02;svchost.exe;17,24;5,75;Code.exe;0;6,02;chrome.exe;6,78;20,89;explorer.exe;0;0,99;MsMpEng.exe;0;2,27;mysqld.exe;0;0,03;python.exe;0;0,43;Taskmgr.exe;6,78;0,65;;;
269058769682378;22/11/2025 12:35;Hideo;43,84;89,6;63,9;6,66;301;272;29;3,33;System;30,23;0,02;svchost.exe;0;5,95;Code.exe;0;6,05;chrome.exe;13,61;21,19;explorer.exe;0;1,08;MsMpEng.exe;0;2,12;mysqld.exe;0;0,03;python.exe;0;0,43;Taskmgr.exe;0;0,65;;;
269058769682378;22/11/2025 12:40;Hideo;27,26;88,2;63,9;0,55;34;6;28;29,44;System;0;0,02;svchost.exe;0;6,13;Code.exe;13,61;6,09;chrome.exe;13,65;20,43;explorer.exe;0;1,17;MsMpEng.exe;0;2,14;mysqld.exe;0;0,02;python.exe;0;0,41;Taskmgr.exe;0;0,66;;;
269058769682378;22/11/2025 12:45;Hideo;45,54;88,3;63,9;0,05;89;1;88;11,24;System;0;0,02;svchost.exe;0;6,12;Code.exe;0;5,98;chrome.exe;13,61;17,52;explorer.exe;0;1,17;MsMpEng.exe;18,38;2,11;mysqld.exe;0;0,02;python.exe;0;0,41;Taskmgr.exe;13,56;0,67;;;
269058769682378;22/11/2025 12:50;Hideo;13,65;88,8;64;0,74;81;2;79;12,36;System;0;0,02;svchost.exe;0;5,5;Code.exe;0;6,55;chrome.exe;6,83;20,32;explorer.exe;0;1,06;MsMpEng.exe;0;2,06;mysqld.exe;0;0,02;python.exe;6,83;0,4;Taskmgr.exe;0;0,66;;;
269058769682378;22/11/2025 12:55;Hideo;67,99;91,6;64;94,3;15;2;13;66,74;System;0;0,02;svchost.exe;0;5,49;Code.exe;40,77;6,68;chrome.exe;20,43;21,73;explorer.exe;0;1,07;MsMpEng.exe;0;2,06;mysqld.exe;0;0,02;python.exe;0;0,4;Taskmgr.exe;6,78;0,67;;;
269058769682378;22/11/2025 13:00;Hideo;19,6;89,9;64;0,46;0;0;0;0;System;5,99;0,02;svchost.exe;0;5,51;Code.exe;0;6,37;chrome.exe;6,83;20,84;explorer.exe;0;1,07;MsMpEng.exe;0;2,19;mysqld.exe;0;0,02;python.exe;0;0,4;Taskmgr.exe;6,78;0,67;;;
269058769682378;22/11/2025 13:05;Hideo;67,73;89,8;64;0;4;4;0;250,08;System;0;0,02;svchost.exe;0;5,4;Code.exe;0;6,24;chrome.exe;20,39;17,48;explorer.exe;0;1,07;MsMpEng.exe;0;1,66;mysqld.exe;6,39;0,02;python.exe;0;0,4;Taskmgr.exe;40,95;0,65;;;
269058769682378;22/11/2025 13:10;Hideo;58,98;82,1;64;0,05;4;4;0;250,21;System;0;0,02;svchost.exe;0;5,41;Code.exe;0;6,29;chrome.exe;6,78;19,23;explorer.exe;0;1,1;MsMpEng.exe;25,03;1,62;mysqld.exe;0;0,02;python.exe;0;0,39;Taskmgr.exe;27,17;0,65;;;
166250251803552;22/11/2025 13:15;Aoki;97,93;97,4;97;0,4;27;0;27;37,05;System;0;0,02;svchost.exe;12,12;5,4;Code.exe;13,65;6,61;chrome.exe;0;18,99;explorer.exe;0;1,1;MsMpEng.exe;12,16;1,64;mysqld.exe;0;0,02;python.exe;0;0,4;Taskmgr.exe;0;0,65;;;
166250251803552;22/11/2025 13:20;Aoki;97,89;97,8;97;0,06;0;0;0;0;System;12,38;0,02;svchost.exe;0;5,49;Code.exe;0;6,71;chrome.exe;6,78;16,77;explorer.exe;0;1,08;MsMpEng.exe;0;1,7;mysqld.exe;0;0,02;python.exe;0;0,4;Taskmgr.exe;47,73;0,65;;;
166250251803552;22/11/2025 13:25;Aoki;97,86;97,7;97;0;13;0;13;76,99;System;0;0,02;svchost.exe;0;5,49;Code.exe;47,69;6,8;chrome.exe;20,39;18,39;explorer.exe;0;1,08;MsMpEng.exe;0;1,71;mysqld.exe;0;0,02;python.exe;0;0,4;Taskmgr.exe;6,78;0,65;;;
166250251803552;22/11/2025 13:30;Aoki;97,8;89,3;97;76,02;1967;1953;14;0,51;System;0;0,02;svchost.exe;0;4,64;chrome.exe;0;20,96;Code.exe;40,82;5,8;explorer.exe;0;1,2;MsMpEng.exe;0;1,86;mysqld.exe;0;0,03;python.exe;0;0,42;Taskmgr.exe;17,98;0,62;;;
